market_slug,timestamp_ms,timestamp_et,time_till_end,seconds_till_end,oracle_btc_price,binance_btc_price,lag,binance_ret1s_x100,binance_ret5s_x100,binance_volume_1s,binance_volume_5s,binance_atr_5s,binance_atr_30s,binance_rvol_30s,binance_volma_30s,binance_volume_spike,binance_vwap_30s,binance_p_vwap_5s,binance_p_vwap_30s,lat_dir_raw_x1000,lat_dir_norm_x1000,up_bid_1_price,up_bid_1_size,up_bid_2_price,up_bid_2_size,up_bid_3_price,up_bid_3_size,up_bid_4_price,up_bid_4_size,up_bid_5_price,up_bid_5_size,up_ask_1_price,up_ask_1_size,up_ask_2_price,up_ask_2_size,up_ask_3_price,up_ask_3_size,up_ask_4_price,up_ask_4_size,up_ask_5_price,up_ask_5_size,down_bid_1_price,down_bid_1_size,down_bid_2_price,down_bid_2_size,down_bid_3_price,down_bid_3_size,down_bid_4_price,down_bid_4_size,down_bid_5_price,down_bid_5_size,down_ask_1_price,down_ask_1_size,down_ask_2_price,down_ask_2_size,down_ask_3_price,down_ask_3_size,down_ask_4_price,down_ask_4_size,down_ask_5_price,down_ask_5_size,pm_up_bid_depth5,pm_up_ask_depth5,pm_up_total_depth5,pm_down_bid_depth5,pm_down_ask_depth5,pm_down_total_depth5,pm_up_spread,pm_down_spread,pm_up_imbalance,pm_down_imbalance,pm_up_microprice,pm_down_microprice,pm_up_bid_slope,pm_up_ask_slope,pm_down_bid_slope,pm_down_ask_slope,pm_up_bid_eatflow,pm_up_ask_eatflow,pm_down_bid_eatflow,pm_down_ask_eatflow
btc-updown-15m-1772966700,1772967484148,2026-03-08 06:58:04.148,1:56,116,,,,,,,,,,,,,,,,,,0.02,261.38,0.01,2790.55,,,,,,,0.03,382.91,0.04,488.1,0.05,348.88,0.06,485.59,0.07,345.95,,,,,,,,,,,,,,,,,,,,,3051.9300000000003,2051.43,5103.360000000001,0.0,0.0,0.0,0.009999999999999998,,0.1960473100075245,,0.02405686880131618,,,0.42458675168053506,,,,,,
btc-updown-15m-1772966700,1772967484152,2026-03-08 06:58:04.152,1:56,116,,,,,,,,,,,,,,,,,,0.02,261.38,0.01,2790.55,,,,,,,0.03,382.91,0.04,488.1,0.05,348.88,0.06,485.59,0.07,345.95,0.97,382.91,0.96,488.1,0.95,348.88,0.94,485.59,0.93,345.95,0.98,261.38,0.99,2790.55,,,,,,,3051.9300000000003,2051.43,5103.360000000001,2051.43,3051.9300000000003,5103.360000000001,0.009999999999999998,0.010000000000000009,0.1960473100075245,-0.1960473100075245,0.02405686880131618,0.9759431311986838,,0.42458675168053506,0.42458675168053506,,,,,
btc-updown-15m-1772966700,1772967484177,2026-03-08 06:58:04.177,1:56,116,,67883.83,,,,37.3361065,37.3361065,,,,37.3361065,1.0,67883.83,0.0,0.0,,,0.02,261.38,0.01,2790.55,,,,,,,0.03,382.91,0.04,488.1,0.05,348.88,0.06,485.59,0.07,345.95,0.97,382.91,0.96,488.1,0.95,348.88,0.94,485.59,0.93,345.95,0.98,261.38,0.99,2790.55,,,,,,,3051.9300000000003,2051.43,5103.360000000001,2051.43,3051.9300000000003,5103.360000000001,0.009999999999999998,0.010000000000000009,0.1960473100075245,-0.1960473100075245,0.02405686880131618,0.9759431311986838,,0.42458675168053506,0.42458675168053506,,,,,
btc-updown-15m-1772966700,1772967485198,2026-03-08 06:58:05.198,1:55,115,,67883.83,,,,0.0,37.3361065,0.0,0.0,,18.66805325,0.0,67883.83,0.0,0.0,,,0.02,261.38,0.01,2790.55,,,,,,,0.03,382.91,0.04,488.1,0.05,348.88,0.06,485.59,0.07,345.95,0.97,382.91,0.96,488.1,0.95,348.88,0.94,485.59,0.93,345.95,0.98,261.38,0.99,2790.55,,,,,,,3051.9300000000003,2051.43,5103.360000000001,2051.43,3051.9300000000003,5103.360000000001,0.009999999999999998,0.010000000000000009,0.1960473100075245,-0.1960473100075245,0.02405686880131618,0.9759431311986838,,0.42458675168053506,0.42458675168053506,,,,,
btc-updown-15m-1772966700,1772967486359,2026-03-08 06:58:06.359,1:54,114,,67883.83,,,,196.8631057,234.1992122,0.004999999997380655,0.004999999997380655,0.0,78.06640406666666,2.521739127780038,67883.83,0.0,0.0,,,0.02,261.38,0.01,2790.55,,,,,,,0.03,382.91,0.04,488.1,0.05,348.88,0.06,485.59,0.07,345.95,0.97,382.91,0.96,488.1,0.95,348.88,0.94,485.59,0.93,345.95,0.98,261.38,0.99,2790.55,,,,,,,3051.9300000000003,2051.43,5103.360000000001,2051.43,3051.9300000000003,5103.360000000001,0.009999999999999998,0.010000000000000009,0.1960473100075245,-0.1960473100075245,0.02405686880131618,0.9759431311986838,,0.42458675168053506,0.42458675168053506,,,,,
btc-updown-15m-1772966700,1772967487158,2026-03-08 06:58:07.158,1:53,113,,67883.83,,,,0.0,234.1992122,0.0033333333315871037,0.0033333333315871037,0.0,58.54980305,0.0,67883.83,0.0,0.0,,,0.02,261.38,0.01,2790.55,,,,,,,0.03,382.91,0.04,488.1,0.05,348.88,0.06,485.59,0.07,345.95,0.97,382.91,0.96,488.1,0.95,348.88,0.94,485.59,0.93,345.95,0.98,261.38,0.99,2790.55,,,,,,,3051.9300000000003,2051.43,5103.360000000001,2051.43,3051.9300000000003,5103.360000000001,0.009999999999999998,0.010000000000000009,0.1960473100075245,-0.1960473100075245,0.02405686880131618,0.9759431311986838,,0.42458675168053506,0.42458675168053506,,,,,
btc-updown-15m-1772966700,1772967488184,2026-03-08 06:58:08.184,1:52,112,,67883.83,,,,76.0298896,310.2291018,0.0024999999986903276,0.0024999999986903276,0.0,62.04582036000001,1.2253829373012095,67883.83,0.0,0.0,,,0.02,261.38,0.01,2790.55,,,,,,,0.03,382.91,0.04,488.1,0.05,348.88,0.06,485.59,0.07,345.95,0.97,382.91,0.96,488.1,0.95,348.88,0.94,485.59,0.93,345.95,0.98,261.38,0.99,2790.55,,,,,,,3051.9300000000003,2051.43,5103.360000000001,2051.43,3051.9300000000003,5103.360000000001,0.009999999999999998,0.010000000000000009,0.1960473100075245,-0.1960473100075245,0.02405686880131618,0.9759431311986838,,0.42458675168053506,0.42458675168053506,,,,,
btc-updown-15m-1772966700,1772967489160,2026-03-08 06:58:09.160,1:51,111,,67883.83,,,,0.0,272.8929953,0.001999999998952262,0.001999999998952262,0.0,51.704850300000004,0.0,67883.83,0.0,0.0,,,0.02,261.38,0.01,2790.55,,,,,,,0.03,382.91,0.04,488.1,0.05,348.88,0.06,485.59,0.07,345.95,0.97,382.91,0.96,488.1,0.95,348.88,0.94,485.59,0.93,345.95,0.98,261.38,0.99,2790.55,,,,,,,3051.9300000000003,2051.43,5103.360000000001,2051.43,3051.9300000000003,5103.360000000001,0.009999999999999998,0.010000000000000009,0.1960473100075245,-0.1960473100075245,0.02405686880131618,0.9759431311986838,,0.42458675168053506,0.42458675168053506,,,,,
btc-updown-15m-1772966700,1772967490161,2026-03-08 06:58:10.161,1:50,110,,67883.83,,,,27.153532,300.0465273,0.001999999998952262,0.0016666666657935518,0.0,48.19751911428572,0.5633802838609531,67883.83,-2.220446049250313e-14,0.0,,,0.02,261.38,0.01,2790.55,,,,,,,0.03,382.91,0.04,488.1,0.05,348.88,0.06,485.59,0.07,345.95,0.97,382.91,0.96,488.1,0.95,348.88,0.94,485.59,0.93,345.95,0.98,261.38,0.99,2790.55,,,,,,,3051.9300000000003,2051.43,5103.360000000001,2051.43,3051.9300000000003,5103.360000000001,0.009999999999999998,0.010000000000000009,0.1960473100075245,-0.1960473100075245,0.02405686880131618,0.9759431311986838,,0.42458675168053506,0.42458675168053506,,,,,
btc-updown-15m-1772966700,1772967491199,2026-03-08 06:58:11.199,1:49,109,,67883.83,,,,2069.7779767,2172.9613983000004,0.0,0.0014285714278230444,0.0,300.8950763125,6.878736608339828,67883.83,-2.220446049250313e-14,0.0,,,0.02,261.38,0.01,2790.55,,,,,,,0.03,382.91,0.04,488.1,0.05,348.88,0.06,485.59,0.07,345.95,0.97,382.91,0.96,488.1,0.95,348.88,0.94,485.59,0.93,345.95,0.98,261.38,0.99,2790.55,,,,,,,3051.9300000000003,2051.43,5103.360000000001,2051.43,3051.9300000000003,5103.360000000001,0.009999999999999998,0.010000000000000009,0.1960473100075245,-0.1960473100075245,0.02405686880131618,0.9759431311986838,,0.42458675168053506,0.42458675168053506,,,,,
btc-updown-15m-1772966700,1772967492173,2026-03-08 06:58:12.173,1:48,108,,67883.83,,,,2345.3860123,4518.3474106,0.0024999999986903276,0.0024999999986903276,0.0,528.0607358666667,4.441508055793417,67883.83,0.0,0.0,,,0.02,261.38,0.01,2790.55,,,,,,,0.03,382.91,0.04,488.1,0.05,348.88,0.06,485.59,0.07,345.95,0.97,382.91,0.96,488.1,0.95,348.88,0.94,485.59,0.93,345.95,0.98,261.38,0.99,2790.55,,,,,,,3051.9300000000003,2051.43,5103.360000000001,2051.43,3051.9300000000003,5103.360000000001,0.009999999999999998,0.010000000000000009,0.1960473100075245,-0.1960473100075245,0.02405686880131618,0.9759431311986838,,0.42458675168053506,0.42458675168053506,,,,,
btc-updown-15m-1772966700,1772967493168,2026-03-08 06:58:13.168,1:47,107,,67883.83,,,,54.9859023,4497.3034233,0.001999999998952262,0.002222222221058069,0.0,480.75325251000004,0.11437447799452226,67883.83,0.0,0.0,,,0.02,261.38,0.01,2790.55,,,,,,,0.03,382.91,0.04,488.1,0.05,348.88,0.06,485.59,0.07,345.95,0.97,382.91,0.96,488.1,0.95,348.88,0.94,485.59,0.93,345.95,0.98,261.38,0.99,2790.55,,,,,,,3051.9300000000003,2051.43,5103.360000000001,2051.43,3051.9300000000003,5103.360000000001,0.009999999999999998,0.010000000000000009,0.1960473100075245,-0.1960473100075245,0.02405686880131618,0.9759431311986838,,0.42458675168053506,0.42458675168053506,,,,,
btc-updown-15m-1772966700,1772967494167,2026-03-08 06:58:14.167,1:46,106,,67883.83,,,,0.0,4497.3034233,0.0024999999986903276,0.001999999998952262,0.0,437.0484113727273,0.0,67883.83,-2.220446049250313e-14,0.0,,,0.02,261.38,0.01,2790.55,,,,,,,0.03,382.91,0.04,488.1,0.05,348.88,0.06,485.59,0.07,345.95,0.97,382.91,0.96,488.1,0.95,348.88,0.94,485.59,0.93,345.95,0.98,261.38,0.99,2790.55,,,,,,,3051.9300000000003,2051.43,5103.360000000001,2051.43,3051.9300000000003,5103.360000000001,0.009999999999999998,0.010000000000000009,0.1960473100075245,-0.1960473100075245,0.02405686880131618,0.9759431311986838,,0.42458675168053506,0.42458675168053506,,,,,
btc-updown-15m-1772966700,1772967495256,2026-03-08 06:58:15.256,1:45,105,,67883.83,,,,5497.2324869,9967.3823782,0.004999999997380655,0.0027272727258439936,0.0,858.7304176666667,6.4015811875361575,67883.83000000002,0.0,-2.220446049250313e-14,,,0.02,261.38,0.01,2790.55,,,,,,,0.03,382.91,0.04,488.1,0.05,348.88,0.06,485.59,0.07,345.95,0.97,382.91,0.96,488.1,0.95,348.88,0.94,485.59,0.93,345.95,0.98,261.38,0.99,2790.55,,,,,,,3051.9300000000003,2051.43,5103.360000000001,2051.43,3051.9300000000003,5103.360000000001,0.009999999999999998,0.010000000000000009,0.1960473100075245,-0.1960473100075245,0.02405686880131618,0.9759431311986838,,0.42458675168053506,0.42458675168053506,,,,,
btc-updown-15m-1772966700,1772967496198,2026-03-08 06:58:16.198,1:44,104,,67883.83,,,,14.9344426,7912.5388441000005,0.003999999997904524,0.0024999999986903276,0.0,793.8230349692308,0.01881331473403121,67883.83,0.0,0.0,,,0.02,261.38,0.01,2790.55,,,,,,,0.03,382.91,0.04,488.1,0.05,348.88,0.06,485.59,0.07,345.95,0.97,382.91,0.96,488.1,0.95,348.88,0.94,485.59,0.93,345.95,0.98,261.38,0.99,2790.55,,,,,,,3051.9300000000003,2051.43,5103.360000000001,2051.43,3051.9300000000003,5103.360000000001,0.009999999999999998,0.010000000000000009,0.1960473100075245,-0.1960473100075245,0.02405686880131618,0.9759431311986838,,0.42458675168053506,0.42458675168053506,,,,,
btc-updown-15m-1772966700,1772967497162,2026-03-08 06:58:17.162,1:43,103,,67883.83,,,,100.4680684,5667.6209002000005,0.001999999998952262,0.0023076923064833796,0.0,744.2976802142857,0.13498371830350853,67883.83000000002,0.0,-2.220446049250313e-14,,,0.02,261.38,0.01,2790.55,,,,,,,0.03,382.91,0.04,488.1,0.05,348.88,0.06,485.59,0.07,345.95,0.97,382.91,0.96,488.1,0.95,348.88,0.94,485.59,0.93,345.95,0.98,261.38,0.99,2790.55,,,,,,,3051.9300000000003,2051.43,5103.360000000001,2051.43,3051.9300000000003,5103.360000000001,0.009999999999999998,0.010000000000000009,0.1960473100075245,-0.1960473100075245,0.02405686880131618,0.9759431311986838,,0.42458675168053506,0.42458675168053506,,,,,
btc-updown-15m-1772966700,1772967498177,2026-03-08 06:58:18.177,1:42,102,,67883.83,,,,89.60665,5702.2416479,0.004999999997380655,0.0028571428556460887,0.0,700.6516115333333,0.1278904501538237,67883.83000000002,0.0,-2.220446049250313e-14,,,0.02,261.38,0.01,2790.55,,,,,,,0.03,382.91,0.04,488.1,0.05,348.88,0.06,485.59,0.07,345.95,0.97,382.91,0.96,488.1,0.95,348.88,0.94,485.59,0.93,345.95,0.98,261.38,0.99,2790.55,,,,,,,3051.9300000000003,2051.43,5103.360000000001,2051.43,3051.9300000000003,5103.360000000001,0.009999999999999998,0.010000000000000009,0.1960473100075245,-0.1960473100075245,0.02405686880131618,0.9759431311986838,,0.42458675168053506,0.42458675168053506,,,,,
btc-updown-15m-1772966700,1772967499173,2026-03-08 06:58:19.173,1:41,101,,67883.83,,,,12.2190894,5714.460737300001,0.0024999999986903276,0.002666666665269683,0.0,657.6245789000001,0.018580645845747902,67883.83,2.220446049250313e-14,0.0,,,0.02,261.38,0.01,2790.55,,,,,,,0.03,382.91,0.04,488.1,0.05,348.88,0.06,485.59,0.07,345.95,0.97,382.91,0.96,488.1,0.95,348.88,0.94,485.59,0.93,345.95,0.98,261.38,0.99,2790.55,,,,,,,3051.9300000000003,2051.43,5103.360000000001,2051.43,3051.9300000000003,5103.360000000001,0.009999999999999998,0.010000000000000009,0.1960473100075245,-0.1960473100075245,0.02405686880131618,0.9759431311986838,,0.42458675168053506,0.42458675168053506,,,,,
btc-updown-15m-1772966700,1772967500185,2026-03-08 06:58:20.185,1:40,100,,67883.83,,,,1830.1480545,2047.3763049,0.003999999997904524,0.0031249999983629095,0.0,726.5965480529412,2.5187954159763666,67883.83,0.0,0.0,,,0.02,261.38,0.01,2790.55,,,,,,,0.03,382.91,0.04,488.1,0.05,348.88,0.06,485.59,0.07,345.95,0.97,382.91,0.96,488.1,0.95,348.88,0.94,485.59,0.93,345.95,0.98,261.38,0.99,2790.55,,,,,,,3051.9300000000003,2051.43,5103.360000000001,2051.43,3051.9300000000003,5103.360000000001,0.009999999999999998,0.010000000000000009,0.1960473100075245,-0.1960473100075245,0.02405686880131618,0.9759431311986838,,0.42458675168053506,0.42458675168053506,,,,,
btc-updown-15m-1772966700,1772967501257,2026-03-08 06:58:21.257,1:39,99,,67883.83,,,,211.7975496,2244.2394119,0.004999999997380655,0.0029411764690474443,0.0,697.9966036944445,0.3034363612644692,67883.83,2.220446049250313e-14,0.0,,,0.02,261.38,0.01,2790.55,,,,,,,0.03,382.91,0.04,488.1,0.05,348.88,0.06,485.59,0.07,345.95,0.97,382.91,0.96,488.1,0.95,348.88,0.94,485.59,0.93,345.95,0.98,261.38,0.99,2790.55,,,,,,,3051.9300000000003,2051.43,5103.360000000001,2051.43,3051.9300000000003,5103.360000000001,0.009999999999999998,0.010000000000000009,0.1960473100075245,-0.1960473100075245,0.02405686880131618,0.9759431311986838,,0.42458675168053506,0.42458675168053506,,,,,
btc-updown-15m-1772966700,1772967502183,2026-03-08 06:58:22.183,1:38,98,,67883.83,,,,14.2556043,2158.0269478,0.0024999999986903276,0.0027777777763225864,0.0,662.0102353052632,0.02153381252999286,67883.83,0.0,0.0,,,0.02,261.38,0.01,2790.55,,,,,,,0.03,382.91,0.04,488.1,0.05,348.88,0.06,485.59,0.07,345.95,0.97,382.91,0.96,488.1,0.95,348.88,0.94,485.59,0.93,345.95,0.98,261.38,0.99,2790.55,,,,,,,3051.9300000000003,2051.43,5103.360000000001,2051.43,3051.9300000000003,5103.360000000001,0.009999999999999998,0.010000000000000009,0.1960473100075245,-0.1960473100075245,0.02405686880131618,0.9759431311986838,,0.42458675168053506,0.42458675168053506,,,,,
btc-updown-15m-1772966700,1772967503158,2026-03-08 06:58:23.158,1:37,97,,67883.83,,,,35.9784299,2104.3987277,0.001999999998952262,0.0026315789459898185,0.0,630.708645035,0.057044453383072694,67883.83,0.0,0.0,,,0.02,261.38,0.01,2790.55,,,,,,,0.03,382.91,0.04,488.1,0.05,348.88,0.06,485.59,0.07,345.95,0.97,382.91,0.96,488.1,0.95,348.88,0.94,485.59,0.93,345.95,0.98,261.38,0.99,2790.55,,,,,,,3051.9300000000003,2051.43,5103.360000000001,2051.43,3051.9300000000003,5103.360000000001,0.009999999999999998,0.010000000000000009,0.1960473100075245,-0.1960473100075245,0.02405686880131618,0.9759431311986838,,0.42458675168053506,0.42458675168053506,,,,,
btc-updown-15m-1772966700,1772967504200,2026-03-08 06:58:24.200,1:36,96,,67883.83,,,,6316.5903815,8408.7700198,0.0,0.0024999999986903276,0.0,901.4649182,7.007028508788396,67883.83,2.220446049250313e-14,0.0,,,0.02,261.38,0.01,2790.55,,,,,,,0.03,382.91,0.04,488.1,0.05,348.88,0.06,485.59,0.07,345.95,0.97,382.91,0.96,488.1,0.95,348.88,0.94,485.59,0.93,345.95,0.98,261.38,0.99,2790.55,,,,,,,3051.9300000000003,2051.43,5103.360000000001,2051.43,3051.9300000000003,5103.360000000001,0.009999999999999998,0.010000000000000009,0.1960473100075245,-0.1960473100075245,0.02405686880131618,0.9759431311986838,,0.42458675168053506,0.42458675168053506,,,,,
btc-updown-15m-1772966700,1772967505159,2026-03-08 06:58:25.159,1:35,95,,67883.83,,,,16.9709575,6595.5929228,0.0,0.002380952379705074,0.0,861.2606472590909,0.019704786877246777,67883.83,0.0,0.0,,,0.02,261.38,0.01,2790.55,,,,,,,0.03,382.91,0.04,488.1,0.05,348.88,0.06,485.59,0.07,345.95,0.97,382.91,0.96,488.1,0.95,348.88,0.94,485.59,0.93,345.95,0.98,261.38,0.99,2790.55,,,,,,,3051.9300000000003,2051.43,5103.360000000001,2051.43,3051.9300000000003,5103.360000000001,0.009999999999999998,0.010000000000000009,0.1960473100075245,-0.1960473100075245,0.02405686880131618,0.9759431311986838,,0.42458675168053506,0.42458675168053506,,,,,
btc-updown-15m-1772966700,1772967506429,2026-03-08 06:58:26.429,1:34,94,,67883.83,,,,3434.921798,9818.7171712,0.0,0.0022727272715366616,0.0,973.1589581608695,3.529661592481775,67883.83,0.0,0.0,,,0.02,261.38,0.01,2790.55,,,,,,,0.03,382.91,0.04,488.1,0.05,348.88,0.06,485.59,0.07,345.95,0.97,382.91,0.96,488.1,0.95,348.88,0.94,485.59,0.93,345.95,0.98,261.38,0.99,2790.55,,,,,,,3051.9300000000003,2051.43,5103.360000000001,2051.43,3051.9300000000003,5103.360000000001,0.009999999999999998,0.010000000000000009,0.1960473100075245,-0.1960473100075245,0.02405686880131618,0.9759431311986838,,0.42458675168053506,0.42458675168053506,,,,,
btc-updown-15m-1772966700,1772967507164,2026-03-08 06:58:27.164,1:33,93,,67883.82,,-0.001473104860872068,-0.001473104860872068,4.7518674,9809.2134343,0.001999999998952262,0.0026086956508072985,4.629522282827946e-06,932.8086627125,0.005094150161708531,67883.82999787743,-1.4723922814319224e-05,-1.4727921837653923e-05,,,0.02,261.38,0.01,2790.55,,,,,,,0.03,382.91,0.04,488.1,0.05,348.88,0.06,485.59,0.07,345.95,0.97,382.91,0.96,488.1,0.95,348.88,0.94,485.59,0.93,345.95,0.98,261.38,0.99,2790.55,,,,,,,3051.9300000000003,2051.43,5103.360000000001,2051.43,3051.9300000000003,5103.360000000001,0.009999999999999998,0.010000000000000009,0.1960473100075245,-0.1960473100075245,0.02405686880131618,0.9759431311986838,,0.42458675168053506,0.42458675168053506,,,,,
btc-updown-15m-1772966700,1772967508221,2026-03-08 06:58:28.221,1:32,92,,67883.82,,,-0.001473104860872068,86.2124514,9859.4474558,0.0024999999986903276,0.0024999999986903276,4.629522282827946e-06,898.9448142599999,0.09590405332163689,67883.82995952397,-1.4595138386752637e-05,-1.4671423176348952e-05,,,0.02,261.38,0.01,2790.55,,,,,,,0.03,382.91,0.04,488.1,0.05,348.88,0.06,485.59,0.07,345.95,0.97,382.91,0.96,488.1,0.95,348.88,0.94,485.59,0.93,345.95,0.98,261.38,0.99,2790.55,,,,,,,3051.9300000000003,2051.43,5103.360000000001,2051.43,3051.9300000000003,5103.360000000001,0.009999999999999998,0.010000000000000009,0.1960473100075245,-0.1960473100075245,0.02405686880131618,0.9759431311986838,,0.42458675168053506,0.42458675168053506,,,,,
btc-updown-15m-1772966700,1772967509181,2026-03-08 06:58:29.181,1:31,91,,67883.83,,0.001473105077875893,,122.8697252,3665.7267994999997,0.003999999997904524,0.002799999998533167,6.944283423039048e-06,869.095772373077,0.14137650775184726,67883.82995974405,1.3423735456541408e-07,5.9301230592723186e-08,,,0.02,261.38,0.01,2790.55,,,,,,,0.03,382.91,0.04,488.1,0.05,348.88,0.06,485.59,0.07,345.95,0.97,382.91,0.96,488.1,0.95,348.88,0.94,485.59,0.93,345.95,0.98,261.38,0.99,2790.55,,,,,,,3051.9300000000003,2051.43,5103.360000000001,2051.43,3051.9300000000003,5103.360000000001,0.009999999999999998,0.010000000000000009,0.1960473100075245,-0.1960473100075245,0.02405686880131618,0.9759431311986838,,0.42458675168053506,0.42458675168053506,,,,,
btc-updown-15m-1772966700,1772967510158,2026-03-08 06:58:30.158,1:30,90,,67883.17,,-0.09722492086900407,-0.09722492086900407,123772.8706893,127421.6265313,0.13599999999860302,0.028076923075646985,0.0003056288353088212,5421.087435962963,22.831742182980282,67883.27188453193,-2.7956158454855995e-05,-0.00015008783328385178,,,0.02,261.38,0.01,2790.55,,,,,,,0.03,382.91,0.04,488.1,0.05,348.88,0.06,485.59,0.07,345.95,0.97,382.91,0.96,488.1,0.95,348.88,0.94,485.59,0.93,345.95,0.98,261.38,0.99,2790.55,,,,,,,3051.9300000000003,2051.43,5103.360000000001,2051.43,3051.9300000000003,5103.360000000001,0.009999999999999998,0.010000000000000009,0.1960473100075245,-0.1960473100075245,0.02405686880131618,0.9759431311986838,,0.42458675168053506,0.42458675168053506,,,,,
btc-updown-15m-1772966700,1772967511169,2026-03-08 06:58:31.169,1:29,89,,67883.17,,,-0.09722492086900407,0.0,123986.70473330001,0.13599999999860302,0.027037037035808207,0.0003056288353088212,5227.477170392857,0.0,67883.27188453193,-2.7830389282001988e-05,-0.00015008783328385178,,,0.02,261.38,0.01,2790.55,,,,,,,0.03,382.91,0.04,488.1,0.05,348.88,0.06,485.59,0.07,345.95,0.97,382.91,0.96,488.1,0.95,348.88,0.94,485.59,0.93,345.95,0.98,261.38,0.99,2790.55,,,,,,,3051.9300000000003,2051.43,5103.360000000001,2051.43,3051.9300000000003,5103.360000000001,0.009999999999999998,0.010000000000000009,0.1960473100075245,-0.1960473100075245,0.02405686880131618,0.9759431311986838,,0.42458675168053506,0.42458675168053506,,,,,
btc-updown-15m-1772966700,1772967512164,2026-03-08 06:58:32.164,1:28,88,,67883.18,,0.0014731191832616701,-0.09427872503550475,423.5910393,124405.5439052,0.13599999999860302,0.026428571427199392,0.00030624183058731064,5061.825924493103,0.08368344657020556,67883.27161938662,1.3020706246535951e-05,-0.00013496607402796457,,,0.02,261.38,0.01,2790.55,,,,,,,0.03,382.91,0.04,488.1,0.05,348.88,0.06,485.59,0.07,345.95,0.97,382.91,0.96,488.1,0.95,348.88,0.94,485.59,0.93,345.95,0.98,261.38,0.99,2790.55,,,,,,,3051.9300000000003,2051.43,5103.360000000001,2051.43,3051.9300000000003,5103.360000000001,0.009999999999999998,0.010000000000000009,0.1960473100075245,-0.1960473100075245,0.02405686880131618,0.9759431311986838,,0.42458675168053506,0.42458675168053506,,,,,
btc-updown-15m-1772966700,1772967513209,2026-03-08 06:58:33.209,1:27,87,,67883.18,,,-0.09427872503550475,8.1459816,124327.47743540001,0.13599999999860302,0.025517241377985618,0.00030624183058731064,4893.369926396667,0.0016646976873866677,67883.27161430265,1.3056360281815671e-05,-0.00013495858475209843,,,0.02,261.38,0.01,2790.55,,,,,,,0.03,382.91,0.04,488.1,0.05,348.88,0.06,485.59,0.07,345.95,0.97,382.91,0.96,488.1,0.95,348.88,0.94,485.59,0.93,345.95,0.98,261.38,0.99,2790.55,,,,,,,3051.9300000000003,2051.43,5103.360000000001,2051.43,3051.9300000000003,5103.360000000001,0.009999999999999998,0.010000000000000009,0.1960473100075245,-0.1960473100075245,0.02405686880131618,0.9759431311986838,,0.42458675168053506,0.42458675168053506,,,,,
btc-updown-15m-1772966700,1772967514160,2026-03-08 06:58:34.160,1:26,86,,67884.2,,0.1502581346371921,0.05450487988013396,9249.1615242,133453.7692344,0.33999999999941793,0.05899999999868063,0.000593542753308546,5033.87933277742,1.8373824465706488,67883.32664009568,0.0014113070096133384,0.0012865602608824744,,,0.02,261.38,0.01,2790.55,,,,,,,0.03,382.91,0.04,488.1,0.05,348.88,0.06,485.59,0.07,345.95,0.97,382.91,0.96,488.1,0.95,348.88,0.94,485.59,0.93,345.95,0.98,261.38,0.99,2790.55,,,,,,,3051.9300000000003,2051.43,5103.360000000001,2051.43,3051.9300000000003,5103.360000000001,0.009999999999999998,0.010000000000000009,0.1960473100075245,-0.1960473100075245,0.02405686880131618,0.9759431311986838,,0.42458675168053506,0.42458675168053506,,,,,
btc-updown-15m-1772966700,1772967515211,2026-03-08 06:58:35.211,1:25,85,,67884.21,,0.001473096833919119,0.15320439514067316,7315.2024696,16996.1010147,0.2625000000007276,0.06103448275775761,0.0005933937845124145,5444.270855973334,1.3436514573065228,67883.36608929053,4.655888476978731e-05,0.0012431774646604055,,,0.02,261.38,0.01,2790.55,,,,,,,0.03,382.91,0.04,488.1,0.05,348.88,0.06,485.59,0.07,345.95,0.97,382.91,0.96,488.1,0.95,348.88,0.94,485.59,0.93,345.95,0.98,261.38,0.99,2790.55,,,,,,,3051.9300000000003,2051.43,5103.360000000001,2051.43,3051.9300000000003,5103.360000000001,0.009999999999999998,0.010000000000000009,0.1960473100075245,-0.1960473100075245,0.02405686880131618,0.9759431311986838,,0.42458675168053506,0.42458675168053506,,,,,
btc-updown-15m-1772966700,1772967516166,2026-03-08 06:58:36.166,1:24,84,,67884.21,,,0.15320439514067316,63.1323153,17059.23333,0.21000000000058208,0.05899999999916569,0.0005931996164527736,5270.685741758065,0.011978007870934435,67883.36641536695,4.638658090971859e-05,0.001242697110637181,,,0.02,261.38,0.01,2790.55,,,,,,,0.03,382.91,0.04,488.1,0.05,348.88,0.06,485.59,0.07,345.95,0.97,382.91,0.96,488.1,0.95,348.88,0.94,485.59,0.93,345.95,0.98,261.38,0.99,2790.55,,,,,,,3051.9300000000003,2051.43,5103.360000000001,2051.43,3051.9300000000003,5103.360000000001,0.009999999999999998,0.010000000000000009,0.1960473100075245,-0.1960473100075245,0.02405686880131618,0.9759431311986838,,0.42458675168053506,0.42458675168053506,,,,,
btc-updown-15m-1772966700,1772967517158,2026-03-08 06:58:37.158,1:23,83,,67884.21,,,0.15173125360558945,0.0,16635.6422907,0.20800000000162983,0.05899999999916569,0.0005931996164527736,5264.335318993549,0.0,67883.36585613996,4.638658090971859e-05,0.0012435209265193592,,,0.02,261.38,0.01,2790.55,,,,,,,0.03,382.91,0.04,488.1,0.05,348.88,0.06,485.59,0.07,345.95,0.97,382.91,0.96,488.1,0.95,348.88,0.94,485.59,0.93,345.95,0.98,261.38,0.99,2790.55,,,,,,,3051.9300000000003,2051.43,5103.360000000001,2051.43,3051.9300000000003,5103.360000000001,0.009999999999999998,0.010000000000000009,0.1960473100075245,-0.1960473100075245,0.02405686880131618,0.9759431311986838,,0.42458675168053506,0.42458675168053506,,,,,
btc-updown-15m-1772966700,1772967518207,2026-03-08 06:58:38.207,1:22,82,,67891.1,,1.0149635681109668,1.1667102218860117,15490.8162472,32118.3125563,1.820000000003347,0.3117241379303119,0.003222590378170005,5953.63937488,2.6019070474036274,67884.03644267826,0.005258402607455359,0.010405328987328488,,,0.02,261.38,0.01,2790.55,,,,,,,0.03,382.91,0.04,488.1,0.05,348.88,0.06,485.59,0.07,345.95,0.97,382.91,0.96,488.1,0.95,348.88,0.94,485.59,0.93,345.95,0.98,261.38,0.99,2790.55,,,,,,,3051.9300000000003,2051.43,5103.360000000001,2051.43,3051.9300000000003,5103.360000000001,0.009999999999999998,0.010000000000000009,0.1960473100075245,-0.1960473100075245,0.02405686880131618,0.9759431311986838,,0.42458675168053506,0.42458675168053506,,,,,
btc-updown-15m-1772966700,1772967519202,2026-03-08 06:58:39.202,1:21,81,,67893.32,,0.3269942599252573,1.3434643112844957,2036.7353618,24905.8863939,2.3725000000013097,0.3882758620682831,0.0031818565958361827,6021.530553606667,0.3382421368899429,67884.1411123538,0.00600921076430172,0.013521402047378395,,,0.02,261.38,0.01,2790.55,,,,,,,0.03,382.91,0.04,488.1,0.05,348.88,0.06,485.59,0.07,345.95,0.97,382.91,0.96,488.1,0.95,348.88,0.94,485.59,0.93,345.95,0.98,261.38,0.99,2790.55,,,,,,,3051.9300000000003,2051.43,5103.360000000001,2051.43,3051.9300000000003,5103.360000000001,0.009999999999999998,0.010000000000000009,0.1960473100075245,-0.1960473100075245,0.02405686880131618,0.9759431311986838,,0.42458675168053506,0.42458675168053506,,,,,
btc-updown-15m-1772966700,1772967520160,2026-03-08 06:58:40.160,1:20,80,,67893.32,,,1.3419910167623048,17.6522632,17608.3361875,1.8980000000010477,0.37533333333267366,0.0031818565958361827,5827.857060367742,0.0030289458058338397,67884.1420092039,0.006004954444960298,0.013520080720552663,,,0.02,261.38,0.01,2790.55,,,,,,,0.03,382.91,0.04,488.1,0.05,348.88,0.06,485.59,0.07,345.95,0.97,382.91,0.96,488.1,0.95,348.88,0.94,485.59,0.93,345.95,0.98,261.38,0.99,2790.55,,,,,,,3051.9300000000003,2051.43,5103.360000000001,2051.43,3051.9300000000003,5103.360000000001,0.009999999999999998,0.010000000000000009,0.1960473100075245,-0.1960473100075245,0.02405686880131618,0.9759431311986838,,0.42458675168053506,0.42458675168053506,,,,,
btc-updown-15m-1772966700,1772967521191,2026-03-08 06:58:41.191,1:19,79,,67893.32,,,1.3419910167623048,0.0,17545.2038722,2.3725000000013097,0.37533333333267366,0.0031827068344852626,5826.981139980645,0.0,67884.1420561056,0.0028870502941424903,0.013520011620427042,,,0.02,261.38,0.01,2790.55,,,,,,,0.03,382.91,0.04,488.1,0.05,348.88,0.06,485.59,0.07,345.95,0.97,382.91,0.96,488.1,0.95,348.88,0.94,485.59,0.93,345.95,0.98,261.38,0.99,2790.55,,,,,,,3051.9300000000003,2051.43,5103.360000000001,2051.43,3051.9300000000003,5103.360000000001,0.009999999999999998,0.010000000000000009,0.1960473100075245,-0.1960473100075245,0.02405686880131618,0.9759431311986838,,0.42458675168053506,0.42458675168053506,,,,,
btc-updown-15m-1772966700,1772967522244,2026-03-08 06:58:42.244,1:18,78,,67893.32,,,1.3419910167623048,0.0,17545.2038722,0.555000000000291,0.38793103448225685,0.0031827068344852626,5874.04171168,0.0,67884.14987456602,0.0028870502941424903,0.013508492705494035,,,0.02,261.38,0.01,2790.55,,,,,,,0.03,382.91,0.04,488.1,0.05,348.88,0.06,485.59,0.07,345.95,0.97,382.91,0.96,488.1,0.95,348.88,0.94,485.59,0.93,345.95,0.98,261.38,0.99,2790.55,,,,,,,3051.9300000000003,2051.43,5103.360000000001,2051.43,3051.9300000000003,5103.360000000001,0.009999999999999998,0.010000000000000009,0.1960473100075245,-0.1960473100075245,0.02405686880131618,0.9759431311986838,,0.42458675168053506,0.42458675168053506,,,,,
btc-updown-15m-1772966700,1772967523158,2026-03-08 06:58:43.158,1:17,77,,67893.33,,0.001472898953057725,0.3284672070412654,95.7295953,2150.1172203,0.4459999999991851,0.37533333333267366,0.0032249298777802375,5687.6445466354835,0.016831149435424665,67884.15485882612,0.002886032570859065,0.013515880389114443,,,0.02,261.38,0.01,2790.55,,,,,,,0.03,382.91,0.04,488.1,0.05,348.88,0.06,485.59,0.07,345.95,0.97,382.91,0.96,488.1,0.95,348.88,0.94,485.59,0.93,345.95,0.98,261.38,0.99,2790.55,,,,,,,3051.9300000000003,2051.43,5103.360000000001,2051.43,3051.9300000000003,5103.360000000001,0.009999999999999998,0.010000000000000009,0.1960473100075245,-0.1960473100075245,0.02405686880131618,0.9759431311986838,,0.42458675168053506,0.42458675168053506,,,,,
btc-updown-15m-1772966700,1772967524181,2026-03-08 06:58:44.181,1:16,76,,67893.33,,,0.001472898953057725,0.0,113.38185849999999,0.001999999998952262,0.38793103448225685,0.0032256840368735567,5875.39983478,0.0,67884.15496016762,1.4073211151988119e-05,0.013515731082991422,,,0.02,261.38,0.01,2790.55,,,,,,,0.03,382.91,0.04,488.1,0.05,348.88,0.06,485.59,0.07,345.95,0.97,382.91,0.96,488.1,0.95,348.88,0.94,485.59,0.93,345.95,0.98,261.38,0.99,2790.55,,,,,,,3051.9300000000003,2051.43,5103.360000000001,2051.43,3051.9300000000003,5103.360000000001,0.009999999999999998,0.010000000000000009,0.1960473100075245,-0.1960473100075245,0.02405686880131618,0.9759431311986838,,0.42458675168053506,0.42458675168053506,,,,,
btc-updown-15m-1772966700,1772967525178,2026-03-08 06:58:45.178,1:15,75,,67893.32,,-0.0014728987361146244,,155.4757059,251.2053012,0.004999999997380655,0.37533333333267366,0.003226444559764652,5690.886153203226,0.027320122334987755,67884.1630372647,-5.612939368848657e-06,0.013489100145891442,,,0.02,261.38,0.01,2790.55,,,,,,,0.03,382.91,0.04,488.1,0.05,348.88,0.06,485.59,0.07,345.95,0.97,382.91,0.96,488.1,0.95,348.88,0.94,485.59,0.93,345.95,0.98,261.38,0.99,2790.55,,,,,,,3051.9300000000003,2051.43,5103.360000000001,2051.43,3051.9300000000003,5103.360000000001,0.009999999999999998,0.010000000000000009,0.1960473100075245,-0.1960473100075245,0.02405686880131618,0.9759431311986838,,0.42458675168053506,0.42458675168053506,,,,,
btc-updown-15m-1772966700,1772967526159,2026-03-08 06:58:46.159,1:14,74,,67893.32,,,,0.0,251.2053012,0.003999999997904524,0.37533333333267366,0.003226444559764652,5513.556072980645,0.0,67884.17374859584,-5.612939368848657e-06,0.013473319183399113,,,0.02,261.38,0.01,2790.55,,,,,,,0.03,382.91,0.04,488.1,0.05,348.88,0.06,485.59,0.07,345.95,0.97,382.91,0.96,488.1,0.95,348.88,0.94,485.59,0.93,345.95,0.98,261.38,0.99,2790.55,,,,,,,3051.9300000000003,2051.43,5103.360000000001,2051.43,3051.9300000000003,5103.360000000001,0.009999999999999998,0.010000000000000009,0.1960473100075245,-0.1960473100075245,0.02405686880131618,0.9759431311986838,,0.42458675168053506,0.42458675168053506,,,,,
btc-updown-15m-1772966700,1772967527180,2026-03-08 06:58:47.180,1:13,73,,67893.33,,0.001472898953057725,0.001472898953057725,97.0874568,348.292758,0.005999999996856786,0.3882758620682831,0.001027082142900219,5696.730773606667,0.017042661950923264,67884.17918227732,6.574928135272273e-06,0.01348004473635811,,,0.02,261.38,0.01,2790.55,,,,,,,0.03,382.91,0.04,488.1,0.05,348.88,0.06,485.59,0.07,345.95,0.97,382.91,0.96,488.1,0.95,348.88,0.94,485.59,0.93,345.95,0.98,261.38,0.99,2790.55,,,,,,,3051.9300000000003,2051.43,5103.360000000001,2051.43,3051.9300000000003,5103.360000000001,0.009999999999999998,0.010000000000000009,0.1960473100075245,-0.1960473100075245,0.02405686880131618,0.9759431311986838,,0.42458675168053506,0.42458675168053506,,,,,
btc-updown-15m-1772966700,1772967528191,2026-03-08 06:58:48.191,1:12,72,,67893.33,,,,6857.22633,7109.789492700001,0.004999999997380655,0.3882758620682831,8.344822170180066e-06,5922.318096273333,1.1578618741055071,67884.5325378174,3.220910649304187e-07,0.012959450192417954,,,0.02,261.38,0.01,2790.55,,,,,,,0.03,382.91,0.04,488.1,0.05,348.88,0.06,485.59,0.07,345.95,0.97,382.91,0.96,488.1,0.95,348.88,0.94,485.59,0.93,345.95,0.98,261.38,0.99,2790.55,,,,,,,3051.9300000000003,2051.43,5103.360000000001,2051.43,3051.9300000000003,5103.360000000001,0.009999999999999998,0.010000000000000009,0.1960473100075245,-0.1960473100075245,0.02405686880131618,0.9759431311986838,,0.42458675168053506,0.42458675168053506,,,,,
btc-updown-15m-1772966700,1772967529162,2026-03-08 06:58:49.162,1:11,71,,67893.32,,-0.0014728987361146244,-0.0014728987361146244,112.023978,7221.813470700001,0.005999999996856786,0.37566666666583237,9.819325634078725e-06,5734.889253748387,0.019533764828462884,67884.53807498577,-1.41834181621725e-05,0.012936561495835441,,,0.02,261.38,0.01,2790.55,,,,,,,0.03,382.91,0.04,488.1,0.05,348.88,0.06,485.59,0.07,345.95,0.97,382.91,0.96,488.1,0.95,348.88,0.94,485.59,0.93,345.95,0.98,261.38,0.99,2790.55,,,,,,,3051.9300000000003,2051.43,5103.360000000001,2051.43,3051.9300000000003,5103.360000000001,0.009999999999999998,0.010000000000000009,0.1960473100075245,-0.1960473100075245,0.02405686880131618,0.9759431311986838,,0.42458675168053506,0.42458675168053506,,,,,
btc-updown-15m-1772966700,1772967530171,2026-03-08 06:58:50.171,1:10,70,,67893.33,,0.001472898953057725,0.001472898953057725,566.9093055,7633.247070300001,0.005999999996856786,0.37566666666583237,1.08556729410739e-05,5752.782486525806,0.09854523560169667,67884.56607196304,5.058595098361707e-07,0.012910045013292404,,,0.02,261.38,0.01,2790.55,,,,,,,0.03,382.91,0.04,488.1,0.05,348.88,0.06,485.59,0.07,345.95,0.97,382.91,0.96,488.1,0.95,348.88,0.94,485.59,0.93,345.95,0.98,261.38,0.99,2790.55,,,,,,,3051.9300000000003,2051.43,5103.360000000001,2051.43,3051.9300000000003,5103.360000000001,0.009999999999999998,0.010000000000000009,0.1960473100075245,-0.1960473100075245,0.02405686880131618,0.9759431311986838,,0.42458675168053506,0.42458675168053506,,,,,
btc-updown-15m-1772966700,1772967531216,2026-03-08 06:58:51.216,1:09,69,,67893.33,,,0.001472898953057725,0.0,7633.247070300001,0.004999999997380655,0.37566666666583237,1.08556729410739e-05,5693.745452509677,0.0,67884.5737041106,2.1615962353394025e-07,0.012898800731320215,,,0.02,261.38,0.01,2790.55,,,,,,,0.03,382.91,0.04,488.1,0.05,348.88,0.06,485.59,0.07,345.95,0.97,382.91,0.96,488.1,0.95,348.88,0.94,485.59,0.93,345.95,0.98,261.38,0.99,2790.55,,,,,,,3051.9300000000003,2051.43,5103.360000000001,2051.43,3051.9300000000003,5103.360000000001,0.009999999999999998,0.010000000000000009,0.1960473100075245,-0.1960473100075245,0.02405686880131618,0.9759431311986838,,0.42458675168053506,0.42458675168053506,,,,,
btc-updown-15m-1772966700,1772967532159,2026-03-08 06:58:52.159,1:08,68,,67893.33,,,,8870.9424978,16407.102111300002,0.003999999997904524,0.37566666666583237,9.819325634078725e-06,5973.072708903226,1.4851556192472468,67884.9940535572,9.997460637123368e-08,0.012279512665536174,,,0.02,261.38,0.01,2790.55,,,,,,,0.03,382.91,0.04,488.1,0.05,348.88,0.06,485.59,0.07,345.95,0.97,382.91,0.96,488.1,0.95,348.88,0.94,485.59,0.93,345.95,0.98,261.38,0.99,2790.55,,,,,,,3051.9300000000003,2051.43,5103.360000000001,2051.43,3051.9300000000003,5103.360000000001,0.009999999999999998,0.010000000000000009,0.1960473100075245,-0.1960473100075245,0.02405686880131618,0.9759431311986838,,0.42458675168053506,0.42458675168053506,,,,,
btc-updown-15m-1772966700,1772967533175,2026-03-08 06:58:53.175,1:07,67,,67893.32,,-0.0014728987361146244,-0.0014728987361146244,16.97333,9566.8491113,0.005999999996856786,0.38896551724033557,1.0855672940631272e-05,6171.066442393334,0.0027504694947697254,67884.99513275555,-1.4613303567223568e-05,0.012263191929506867,,,0.02,261.38,0.01,2790.55,,,,,,,0.03,382.91,0.04,488.1,0.05,348.88,0.06,485.59,0.07,345.95,0.97,382.91,0.96,488.1,0.95,348.88,0.94,485.59,0.93,345.95,0.98,261.38,0.99,2790.55,,,,,,,3051.9300000000003,2051.43,5103.360000000001,2051.43,3051.9300000000003,5103.360000000001,0.009999999999999998,0.010000000000000009,0.1960473100075245,-0.1960473100075245,0.02405686880131618,0.9759431311986838,,0.42458675168053506,0.42458675168053506,,,,,
btc-updown-15m-1772966700,1772967534176,2026-03-08 06:58:54.176,1:06,66,,67891.59,,-0.2548115190140175,-0.2548115190140175,122482.9323031,131937.7574364,0.4375,0.43399999999916566,0.0008008657486099618,9923.062115319355,12.343259659133768,67887.62100884637,-0.00018365907515915936,0.0058464136681202206,,,0.02,261.38,0.01,2790.55,,,,,,,0.03,382.91,0.04,488.1,0.05,348.88,0.06,485.59,0.07,345.95,0.97,382.91,0.96,488.1,0.95,348.88,0.94,485.59,0.93,345.95,0.98,261.38,0.99,2790.55,,,,,,,3051.9300000000003,2051.43,5103.360000000001,2051.43,3051.9300000000003,5103.360000000001,0.009999999999999998,0.010000000000000009,0.1960473100075245,-0.1960473100075245,0.02405686880131618,0.9759431311986838,,0.42458675168053506,0.42458675168053506,,,,,
btc-updown-15m-1772966700,1772967535210,2026-03-08 06:58:55.210,1:05,65,,67891.59,,,-0.25628438021897565,1549.9649997,132920.8131306,0.4375,0.44896551724051625,0.0008008657486099618,10094.377641186667,0.15354735624075486,67887.72061011456,-0.00017136996234290436,0.005699690386817835,,,0.02,261.38,0.01,2790.55,,,,,,,0.03,382.91,0.04,488.1,0.05,348.88,0.06,485.59,0.07,345.95,0.97,382.91,0.96,488.1,0.95,348.88,0.94,485.59,0.93,345.95,0.98,261.38,0.99,2790.55,,,,,,,3051.9300000000003,2051.43,5103.360000000001,2051.43,3051.9300000000003,5103.360000000001,0.009999999999999998,0.010000000000000009,0.1960473100075245,-0.1960473100075245,0.02405686880131618,0.9759431311986838,,0.42458675168053506,0.42458675168053506,,,,,
btc-updown-15m-1772966700,1772967536181,2026-03-08 06:58:56.181,1:04,64,,67891.59,,,-0.25628438021897565,7.4680749,132928.28120549998,0.35,0.43399999999916566,0.0008002702400449524,9768.993461629032,0.0007644671817350832,67887.72070553461,-0.00017136033456655042,0.005699549823123817,,,0.02,261.38,0.01,2790.55,,,,,,,0.03,382.91,0.04,488.1,0.05,348.88,0.06,485.59,0.07,345.95,0.97,382.91,0.96,488.1,0.95,348.88,0.94,485.59,0.93,345.95,0.98,261.38,0.99,2790.55,,,,,,,3051.9300000000003,2051.43,5103.360000000001,2051.43,3051.9300000000003,5103.360000000001,0.009999999999999998,0.010000000000000009,0.1960473100075245,-0.1960473100075245,0.02405686880131618,0.9759431311986838,,0.42458675168053506,0.42458675168053506,,,,,
btc-updown-15m-1772966700,1772967537157,2026-03-08 06:58:57.157,1:03,63,,67891.59,,,-0.25628438021897565,0.0,124057.3387077,0.35,0.433666666666007,0.0008002702400449524,9658.18953266129,0.0,67887.76534179469,-0.00017136033456655042,0.00563379599556324,,,0.02,261.38,0.01,2790.55,,,,,,,0.03,382.91,0.04,488.1,0.05,348.88,0.06,485.59,0.07,345.95,0.97,382.91,0.96,488.1,0.95,348.88,0.94,485.59,0.93,345.95,0.98,261.38,0.99,2790.55,,,,,,,3051.9300000000003,2051.43,5103.360000000001,2051.43,3051.9300000000003,5103.360000000001,0.009999999999999998,0.010000000000000009,0.1960473100075245,-0.1960473100075245,0.02405686880131618,0.9759431311986838,,0.42458675168053506,0.42458675168053506,,,,,
btc-updown-15m-1772966700,1772967538181,2026-03-08 06:58:58.181,1:02,62,,67888.56,,-0.4462997552419727,-0.7010999020241332,953.187323,124993.55270069999,0.757499999999709,0.5346666666659682,0.0015257339252049403,9688.784224777419,0.09838048829309104,67887.76792611263,-0.004428964722835715,0.0011667402119108772,,,0.02,261.38,0.01,2790.55,,,,,,,0.03,382.91,0.04,488.1,0.05,348.88,0.06,485.59,0.07,345.95,0.97,382.91,0.96,488.1,0.95,348.88,0.94,485.59,0.93,345.95,0.98,261.38,0.99,2790.55,,,,,,,3051.9300000000003,2051.43,5103.360000000001,2051.43,3051.9300000000003,5103.360000000001,0.009999999999999998,0.010000000000000009,0.1960473100075245,-0.1960473100075245,0.02405686880131618,0.9759431311986838,,0.42458675168053506,0.42458675168053506,,,,,
btc-updown-15m-1772966700,1772967539178,2026-03-08 06:58:59.178,1:01,61,,67888.57,,0.0014730022273728041,-0.44482681875465324,57.7052772,2568.3256748,0.7600000000020373,0.5346666666664532,0.001525733984901947,9687.864638512903,0.0059564495740991085,67887.76921353734,-0.0026920112406680907,0.001179573982090787,,,0.02,261.38,0.01,2790.55,,,,,,,0.03,382.91,0.04,488.1,0.05,348.88,0.06,485.59,0.07,345.95,0.97,382.91,0.96,488.1,0.95,348.88,0.94,485.59,0.93,345.95,0.98,261.38,0.99,2790.55,,,,,,,3051.9300000000003,2051.43,5103.360000000001,2051.43,3051.9300000000003,5103.360000000001,0.009999999999999998,0.010000000000000009,0.1960473100075245,-0.1960473100075245,0.02405686880131618,0.9759431311986838,,0.42458675168053506,0.42458675168053506,,,,,
btc-updown-15m-1772966700,1772967540159,2026-03-08 06:59:00.159,1:00,60,,67888.57,,,-0.44482681875465324,1516.6306521,2534.9913272,0.6100000000034924,0.5306896551723937,0.001525733984901947,5931.48980105,0.25569135292646444,67890.9778305344,-0.0016925592678518342,-0.0035466134254202863,,,0.02,261.38,0.01,2790.55,,,,,,,0.03,382.91,0.04,488.1,0.05,348.88,0.06,485.59,0.07,345.95,0.97,382.91,0.96,488.1,0.95,348.88,0.94,485.59,0.93,345.95,0.98,261.38,0.99,2790.55,,,,,,,3051.9300000000003,2051.43,5103.360000000001,2051.43,3051.9300000000003,5103.360000000001,0.009999999999999998,0.010000000000000009,0.1960473100075245,-0.1960473100075245,0.02405686880131618,0.9759431311986838,,0.42458675168053506,0.42458675168053506,,,,,
btc-updown-15m-1772966700,1772967541169,2026-03-08 06:59:01.169,0:59,59,,67888.56,,-0.0014730020103992801,-0.4462997552419727,271.5542449,2799.0774972,0.6120000000053551,0.5306896551728955,0.0015249051128427638,5940.541609213334,0.045712034821680195,67890.97414640262,-2.0139163281474026e-05,-0.0035559165750265187,,,0.02,261.38,0.01,2790.55,,,,,,,0.03,382.91,0.04,488.1,0.05,348.88,0.06,485.59,0.07,345.95,0.97,382.91,0.96,488.1,0.95,348.88,0.94,485.59,0.93,345.95,0.98,261.38,0.99,2790.55,,,,,,,3051.9300000000003,2051.43,5103.360000000001,2051.43,3051.9300000000003,5103.360000000001,0.009999999999999998,0.010000000000000009,0.1960473100075245,-0.1960473100075245,0.02405686880131618,0.9759431311986838,,0.42458675168053506,0.42458675168053506,,,,,
btc-updown-15m-1772966700,1772967542166,2026-03-08 06:59:02.166,0:58,58,,67888.56,,,-0.4462997552419727,372.0293088,3171.106806,0.007500000006984919,0.5306896551728955,0.0015257339274198645,5938.8228848633335,0.06264361069736823,67890.98763615417,-7.312904615197624e-06,-0.0035757855920137693,,,0.02,261.38,0.01,2790.55,,,,,,,0.03,382.91,0.04,488.1,0.05,348.88,0.06,485.59,0.07,345.95,0.97,382.91,0.96,488.1,0.95,348.88,0.94,485.59,0.93,345.95,0.98,261.38,0.99,2790.55,,,,,,,3051.9300000000003,2051.43,5103.360000000001,2051.43,3051.9300000000003,5103.360000000001,0.009999999999999998,0.010000000000000009,0.1960473100075245,-0.1960473100075245,0.02405686880131618,0.9759431311986838,,0.42458675168053506,0.42458675168053506,,,,,
btc-updown-15m-1772966700,1772967543188,2026-03-08 06:59:03.188,0:57,57,,67888.56,,,,99.1172976,2317.0367806,0.005000000004656613,0.5130000000004656,0.0014026333024858028,5750.445285274193,0.01723645607998753,67890.98628635275,-1.0008473394496065e-05,-0.0035737974736771427,,,0.02,261.38,0.01,2790.55,,,,,,,0.03,382.91,0.04,488.1,0.05,348.88,0.06,485.59,0.07,345.95,0.97,382.91,0.96,488.1,0.95,348.88,0.94,485.59,0.93,345.95,0.98,261.38,0.99,2790.55,,,,,,,3051.9300000000003,2051.43,5103.360000000001,2051.43,3051.9300000000003,5103.360000000001,0.009999999999999998,0.010000000000000009,0.1960473100075245,-0.1960473100075245,0.02405686880131618,0.9759431311986838,,0.42458675168053506,0.42458675168053506,,,,,
btc-updown-15m-1772966700,1772967544929,2026-03-08 06:59:04.929,0:56,56,,67888.57,,0.0014730022273728041,,210.454567,2469.7860704,0.005000000004656613,0.4951724137936253,0.0014032194618173357,5640.565030156667,0.03731090163393695,67891.3545859212,4.429533007055397e-06,-0.004101532423650411,,,0.02,261.38,0.01,2790.55,,,,,,,0.03,382.91,0.04,488.1,0.05,348.88,0.06,485.59,0.07,345.95,0.97,382.91,0.96,488.1,0.95,348.88,0.94,485.59,0.93,345.95,0.98,261.38,0.99,2790.55,,,,,,,3051.9300000000003,2051.43,5103.360000000001,2051.43,3051.9300000000003,5103.360000000001,0.009999999999999998,0.010000000000000009,0.1960473100075245,-0.1960473100075245,0.02405686880131618,0.9759431311986838,,0.42458675168053506,0.42458675168053506,,,,,
btc-updown-15m-1772966700,1772967545237,2026-03-08 06:59:05.237,0:55,55,,67888.57,,,,6447.3774685,7400.5328868,0.005000000004656613,0.49551724138015335,0.0014032194618173357,5611.63753012,1.1489297792122595,67891.55839343055,1.4782717494554731e-06,-0.004401715767399228,,,0.02,261.38,0.01,2790.55,,,,,,,0.03,382.91,0.04,488.1,0.05,348.88,0.06,485.59,0.07,345.95,0.97,382.91,0.96,488.1,0.95,348.88,0.94,485.59,0.93,345.95,0.98,261.38,0.99,2790.55,,,,,,,3051.9300000000003,2051.43,5103.360000000001,2051.43,3051.9300000000003,5103.360000000001,0.009999999999999998,0.010000000000000009,0.1960473100075245,-0.1960473100075245,0.02405686880131618,0.9759431311986838,,0.42458675168053506,0.42458675168053506,,,,,
btc-updown-15m-1772966700,1772967546166,2026-03-08 06:59:06.166,0:54,54,,67888.57,,,0.0014730022273728041,433.8079623,7562.7866042,0.00400000000372529,0.4790000000008149,0.0014032194618173357,5444.610769867742,0.0796765793986294,67891.55071262516,1.3964159606416615e-06,-0.004390402920340097,,,0.02,261.38,0.01,2790.55,,,,,,,0.03,382.91,0.04,488.1,0.05,348.88,0.06,485.59,0.07,345.95,0.97,382.91,0.96,488.1,0.95,348.88,0.94,485.59,0.93,345.95,0.98,261.38,0.99,2790.55,,,,,,,3051.9300000000003,2051.43,5103.360000000001,2051.43,3051.9300000000003,5103.360000000001,0.009999999999999998,0.010000000000000009,0.1960473100075245,-0.1960473100075245,0.02405686880131618,0.9759431311986838,,0.42458675168053506,0.42458675168053506,,,,,
btc-updown-15m-1772966700,1772967547164,2026-03-08 06:59:07.164,0:53,53,,67888.57,,,0.0014730022273728041,0.0,7190.7572954,0.00400000000372529,0.24482758620759906,8.345407273430107e-06,5623.9933850200005,0.0,67891.5534594052,9.176510440411789e-07,-0.004394448577427212,,,0.02,261.38,0.01,2790.55,,,,,,,0.03,382.91,0.04,488.1,0.05,348.88,0.06,485.59,0.07,345.95,0.97,382.91,0.96,488.1,0.95,348.88,0.94,485.59,0.93,345.95,0.98,261.38,0.99,2790.55,,,,,,,3051.9300000000003,2051.43,5103.360000000001,2051.43,3051.9300000000003,5103.360000000001,0.009999999999999998,0.010000000000000009,0.1960473100075245,-0.1960473100075245,0.02405686880131618,0.9759431311986838,,0.42458675168053506,0.42458675168053506,,,,,
btc-updown-15m-1772966700,1772967548162,2026-03-08 06:59:08.162,0:52,52,,67888.57,,,0.0014730022273728041,279.7008686,7371.3408664,0.006000000005587936,0.23700000000098953,6.9437985784878055e-06,5451.596852232258,0.051306227547892,67891.54852166175,1.954364448053525e-07,-0.004387175910114394,,,0.02,261.38,0.01,2790.55,,,,,,,0.03,382.91,0.04,488.1,0.05,348.88,0.06,485.59,0.07,345.95,0.97,382.91,0.96,488.1,0.95,348.88,0.94,485.59,0.93,345.95,0.98,261.38,0.99,2790.55,,,,,,,3051.9300000000003,2051.43,5103.360000000001,2051.43,3051.9300000000003,5103.360000000001,0.009999999999999998,0.010000000000000009,0.1960473100075245,-0.1960473100075245,0.02405686880131618,0.9759431311986838,,0.42458675168053506,0.42458675168053506,,,,,
btc-updown-15m-1772966700,1772967549164,2026-03-08 06:59:09.164,0:51,51,,67888.57,,,,268.1598515,7429.0461509,0.00400000000372529,0.16300000000095072,6.9437985784878055e-06,4960.543420112903,0.05405856350591053,67891.58850978011,0.0,-0.004446073285890861,,,0.02,261.38,0.01,2790.55,,,,,,,0.03,382.91,0.04,488.1,0.05,348.88,0.06,485.59,0.07,345.95,0.97,382.91,0.96,488.1,0.95,348.88,0.94,485.59,0.93,345.95,0.98,261.38,0.99,2790.55,,,,,,,3051.9300000000003,2051.43,5103.360000000001,2051.43,3051.9300000000003,5103.360000000001,0.009999999999999998,0.010000000000000009,0.1960473100075245,-0.1960473100075245,0.02405686880131618,0.9759431311986838,,0.42458675168053506,0.42458675168053506,,,,,
btc-updown-15m-1772966700,1772967550164,2026-03-08 06:59:10.164,0:50,50,,67888.57,,,,0.0,981.6686824,0.002000000001862645,0.16862068965615593,4.6291990515709025e-06,5057.41527995,0.0,67891.56506465458,0.0,-0.0044115416277801245,,,0.02,261.38,0.01,2790.55,,,,,,,0.03,382.91,0.04,488.1,0.05,348.88,0.06,485.59,0.07,345.95,0.97,382.91,0.96,488.1,0.95,348.88,0.94,485.59,0.93,345.95,0.98,261.38,0.99,2790.55,,,,,,,3051.9300000000003,2051.43,5103.360000000001,2051.43,3051.9300000000003,5103.360000000001,0.009999999999999998,0.010000000000000009,0.1960473100075245,-0.1960473100075245,0.02405686880131618,0.9759431311986838,,0.42458675168053506,0.42458675168053506,,,,,
btc-updown-15m-1772966700,1772967551171,2026-03-08 06:59:11.171,0:49,49,,67883.81,,-0.7011489562984332,-0.7011489562984332,26739.2565147,27287.1172348,1.1925000000046566,0.3216666666679278,0.0022041592727044825,5756.829513329032,4.6447886727910666,67890.40310863961,-0.00014078378570703265,-0.00971140004731863,,,0.02,261.38,0.01,2790.55,,,,,,,0.03,382.91,0.04,488.1,0.05,348.88,0.06,485.59,0.07,345.95,0.97,382.91,0.96,488.1,0.95,348.88,0.94,485.59,0.93,345.95,0.98,261.38,0.99,2790.55,,,,,,,3051.9300000000003,2051.43,5103.360000000001,2051.43,3051.9300000000003,5103.360000000001,0.009999999999999998,0.010000000000000009,0.1960473100075245,-0.1960473100075245,0.02405686880131618,0.9759431311986838,,0.42458675168053506,0.42458675168053506,,,,,
btc-updown-15m-1772966700,1772967552191,2026-03-08 06:59:12.191,0:48,48,,67883.81,,,-0.7011489562984332,327.1999626,27614.3171974,1.1925000000010186,0.32200000000108653,0.0022041592727044825,5767.384350832258,0.056732817287057286,67890.39104265162,-0.00013911565156510264,-0.00969362902548676,,,0.02,261.38,0.01,2790.55,,,,,,,0.03,382.91,0.04,488.1,0.05,348.88,0.06,485.59,0.07,345.95,0.97,382.91,0.96,488.1,0.95,348.88,0.94,485.59,0.93,345.95,0.98,261.38,0.99,2790.55,,,,,,,3051.9300000000003,2051.43,5103.360000000001,2051.43,3051.9300000000003,5103.360000000001,0.009999999999999998,0.010000000000000009,0.1960473100075245,-0.1960473100075245,0.02405686880131618,0.9759431311986838,,0.42458675168053506,0.42458675168053506,,,,,
btc-updown-15m-1772966700,1772967553180,2026-03-08 06:59:13.180,0:47,47,,67883.81,,,-0.7011489562984332,291.2215449,27625.8378737,1.1925000000010186,0.33275862069095985,0.0022035758376264003,5966.146894179999,0.04881233232525465,67890.37876288577,-6.806420019822568e-05,-0.009675543140974519,,,0.02,261.38,0.01,2790.55,,,,,,,0.03,382.91,0.04,488.1,0.05,348.88,0.06,485.59,0.07,345.95,0.97,382.91,0.96,488.1,0.95,348.88,0.94,485.59,0.93,345.95,0.98,261.38,0.99,2790.55,,,,,,,3051.9300000000003,2051.43,5103.360000000001,2051.43,3051.9300000000003,5103.360000000001,0.009999999999999998,0.010000000000000009,0.1960473100075245,-0.1960473100075245,0.02405686880131618,0.9759431311986838,,0.42458675168053506,0.42458675168053506,,,,,
btc-updown-15m-1772966700,1772967554175,2026-03-08 06:59:14.175,0:46,46,,67883.81,,,-0.7011489562984332,1357.6761779,28715.3542001,1.194999999999709,0.32200000000108653,0.0022035758376264003,5817.486548493548,0.23337848168322342,67890.32931101775,0.0,-0.009602709375411411,,,0.02,261.38,0.01,2790.55,,,,,,,0.03,382.91,0.04,488.1,0.05,348.88,0.06,485.59,0.07,345.95,0.97,382.91,0.96,488.1,0.95,348.88,0.94,485.59,0.93,345.95,0.98,261.38,0.99,2790.55,,,,,,,3051.9300000000003,2051.43,5103.360000000001,2051.43,3051.9300000000003,5103.360000000001,0.009999999999999998,0.010000000000000009,0.1960473100075245,-0.1960473100075245,0.02405686880131618,0.9759431311986838,,0.42458675168053506,0.42458675168053506,,,,,
btc-updown-15m-1772966700,1772967555166,2026-03-08 06:59:15.166,0:45,45,,67883.81,,,-0.7011489562984332,3168.8162508,31884.170450899997,0.004999999997380655,0.3216666666679278,0.0022035758376264003,5919.706427551612,0.535299560811265,67890.21673732986,-2.220446049250313e-14,-0.00943690805208508,,,0.02,261.38,0.01,2790.55,,,,,,,0.03,382.91,0.04,488.1,0.05,348.88,0.06,485.59,0.07,345.95,0.97,382.91,0.96,488.1,0.95,348.88,0.94,485.59,0.93,345.95,0.98,261.38,0.99,2790.55,,,,,,,3051.9300000000003,2051.43,5103.360000000001,2051.43,3051.9300000000003,5103.360000000001,0.009999999999999998,0.010000000000000009,0.1960473100075245,-0.1960473100075245,0.02405686880131618,0.9759431311986838,,0.42458675168053506,0.42458675168053506,,,,,
btc-updown-15m-1772966700,1772967556158,2026-03-08 06:59:16.158,0:44,44,,67883.81,,,,862.1242762,6007.0382124,0.005999999996856786,0.32200000000108653,0.0022035758376264003,5942.50154272258,0.1450776697325037,67890.18413519283,-2.220446049250313e-14,-0.009388890712302977,,,0.02,261.38,0.01,2790.55,,,,,,,0.03,382.91,0.04,488.1,0.05,348.88,0.06,485.59,0.07,345.95,0.97,382.91,0.96,488.1,0.95,348.88,0.94,485.59,0.93,345.95,0.98,261.38,0.99,2790.55,,,,,,,3051.9300000000003,2051.43,5103.360000000001,2051.43,3051.9300000000003,5103.360000000001,0.009999999999999998,0.010000000000000009,0.1960473100075245,-0.1960473100075245,0.02405686880131618,0.9759431311986838,,0.42458675168053506,0.42458675168053506,,,,,
btc-updown-15m-1772966700,1772967557176,2026-03-08 06:59:17.176,0:43,43,,67883.63,,-0.026515895320697987,-0.026515895320697987,680.8742522,6360.712502,0.03999999999650754,0.327666666667695,0.002194717243646766,5964.46522827742,0.11415512139663213,67890.16000009287,-0.00023816406130583445,-0.009618477983941442,,,0.02,261.38,0.01,2790.55,,,,,,,0.03,382.91,0.04,488.1,0.05,348.88,0.06,485.59,0.07,345.95,0.97,382.91,0.96,488.1,0.95,348.88,0.94,485.59,0.93,345.95,0.98,261.38,0.99,2790.55,,,,,,,3051.9300000000003,2051.43,5103.360000000001,2051.43,3051.9300000000003,5103.360000000001,0.009999999999999998,0.010000000000000009,0.1960473100075245,-0.1960473100075245,0.02405686880131618,0.9759431311986838,,0.42458675168053506,0.42458675168053506,,,,,
btc-updown-15m-1772966700,1772967558163,2026-03-08 06:59:18.163,0:42,42,,67883.18,,-0.06628991407967451,-0.09280563362673025,7035.4545841,13104.9455412,0.12999999999883585,0.34266666666808304,0.0021774015127636005,6188.283522706452,1.136899199638325,67889.90241008063,-0.0004271810184919289,-0.009901929214783944,,,0.02,261.38,0.01,2790.55,,,,,,,0.03,382.91,0.04,488.1,0.05,348.88,0.06,485.59,0.07,345.95,0.97,382.91,0.96,488.1,0.95,348.88,0.94,485.59,0.93,345.95,0.98,261.38,0.99,2790.55,,,,,,,3051.9300000000003,2051.43,5103.360000000001,2051.43,3051.9300000000003,5103.360000000001,0.009999999999999998,0.010000000000000009,0.1960473100075245,-0.1960473100075245,0.02405686880131618,0.9759431311986838,,0.42458675168053506,0.42458675168053506,,,,,
btc-updown-15m-1772966700,1772967559186,2026-03-08 06:59:19.186,0:41,41,,67883.17,,-0.0014731189662536893,-0.09427873892161001,27.8321019,11775.1014652,0.1624999999985448,0.3541379310361286,0.002176743166754876,6163.17903326,0.004515867825646835,67889.77220677237,-0.0003707283788179083,-0.00972489162618384,,,0.02,261.38,0.01,2790.55,,,,,,,0.03,382.91,0.04,488.1,0.05,348.88,0.06,485.59,0.07,345.95,0.97,382.91,0.96,488.1,0.95,348.88,0.94,485.59,0.93,345.95,0.98,261.38,0.99,2790.55,,,,,,,3051.9300000000003,2051.43,5103.360000000001,2051.43,3051.9300000000003,5103.360000000001,0.009999999999999998,0.010000000000000009,0.1960473100075245,-0.1960473100075245,0.02405686880131618,0.9759431311986838,,0.42458675168053506,0.42458675168053506,,,,,
btc-updown-15m-1772966700,1772967560164,2026-03-08 06:59:20.164,0:40,40,,67883.17,,,-0.09427873892161001,0.0,8606.2852144,0.12999999999883585,0.34233333333492433,0.0002137503273486164,5964.366806380645,0.0,67889.77220677237,-0.0003707283788179083,-0.00972489162618384,,,0.02,261.38,0.01,2790.55,,,,,,,0.03,382.91,0.04,488.1,0.05,348.88,0.06,485.59,0.07,345.95,0.97,382.91,0.96,488.1,0.95,348.88,0.94,485.59,0.93,345.95,0.98,261.38,0.99,2790.55,,,,,,,3051.9300000000003,2051.43,5103.360000000001,2051.43,3051.9300000000003,5103.360000000001,0.009999999999999998,0.010000000000000009,0.1960473100075245,-0.1960473100075245,0.02405686880131618,0.9759431311986838,,0.42458675168053506,0.42458675168053506,,,,,
btc-updown-15m-1772966700,1772967561207,2026-03-08 06:59:21.207,0:39,39,,67883.18,,0.0014731191832616701,-0.09280563362673025,85.5328068,7829.693745,0.11750000000029104,0.34266666666808304,0.00021460093179947822,5948.838532229032,0.014378068313101587,67889.75821219434,-5.759403929328499e-05,-0.009689550187808038,,,0.02,261.38,0.01,2790.55,,,,,,,0.03,382.91,0.04,488.1,0.05,348.88,0.06,485.59,0.07,345.95,0.97,382.91,0.96,488.1,0.95,348.88,0.94,485.59,0.93,345.95,0.98,261.38,0.99,2790.55,,,,,,,3051.9300000000003,2051.43,5103.360000000001,2051.43,3051.9300000000003,5103.360000000001,0.009999999999999998,0.010000000000000009,0.1960473100075245,-0.1960473100075245,0.02405686880131618,0.9759431311986838,,0.42458675168053506,0.42458675168053506,,,,,
btc-updown-15m-1772966700,1772967562284,2026-03-08 06:59:22.284,0:38,38,,67883.18,,,-0.06628991407967451,1612.225465,8761.0449578,0.007499999996070983,0.3544827586221549,0.00021460093179947822,5905.175915543334,0.273019040932612,67889.51949119175,4.6798076525078613e-08,-0.009337952660837257,,,0.02,261.38,0.01,2790.55,,,,,,,0.03,382.91,0.04,488.1,0.05,348.88,0.06,485.59,0.07,345.95,0.97,382.91,0.96,488.1,0.95,348.88,0.94,485.59,0.93,345.95,0.98,261.38,0.99,2790.55,,,,,,,3051.9300000000003,2051.43,5103.360000000001,2051.43,3051.9300000000003,5103.360000000001,0.009999999999999998,0.010000000000000009,0.1960473100075245,-0.1960473100075245,0.02405686880131618,0.9759431311986838,,0.42458675168053506,0.42458675168053506,,,,,
btc-updown-15m-1772966700,1772967563204,2026-03-08 06:59:23.204,0:37,37,,67883.17,,-0.0014731189662536893,-0.0014731189662536893,138077.1034031,139802.69377679998,0.007499999996070983,0.2948275862080005,0.00021386310209386375,10507.180251313333,13.141213922340505,67886.73795247835,-1.7889500991685736e-07,-0.005255743000709412,,,0.02,261.38,0.01,2790.55,,,,,,,0.03,382.91,0.04,488.1,0.05,348.88,0.06,485.59,0.07,345.95,0.97,382.91,0.96,488.1,0.95,348.88,0.94,485.59,0.93,345.95,0.98,261.38,0.99,2790.55,,,,,,,3051.9300000000003,2051.43,5103.360000000001,2051.43,3051.9300000000003,5103.360000000001,0.009999999999999998,0.010000000000000009,0.1960473100075245,-0.1960473100075245,0.02405686880131618,0.9759431311986838,,0.42458675168053506,0.42458675168053506,,,,,
btc-updown-15m-1772966700,1772967564204,2026-03-08 06:59:24.204,0:36,36,,67875.39,,-1.146086725177807,-1.146086725177807,40159.4106162,179934.2722911,1.9549999999944703,0.5634482758629521,0.00357119017246629,7763.06286175,5.173139948933379,67882.22933644171,-0.008903290632766847,-0.010075297332701183,,,0.02,261.38,0.01,2790.55,,,,,,,0.03,382.91,0.04,488.1,0.05,348.88,0.06,485.59,0.07,345.95,0.97,382.91,0.96,488.1,0.95,348.88,0.94,485.59,0.93,345.95,0.98,261.38,0.99,2790.55,,,,,,,3051.9300000000003,2051.43,5103.360000000001,2051.43,3051.9300000000003,5103.360000000001,0.009999999999999998,0.010000000000000009,0.1960473100075245,-0.1960473100075245,0.02405686880131618,0.9759431311986838,,0.42458675168053506,0.42458675168053506,,,,,
btc-updown-15m-1772966700,1772967565229,2026-03-08 06:59:25.229,0:35,35,,67875.38,,-0.0014732880348475802,-1.1475598443610686,76.0204356,180010.2927267,1.9549999999944703,0.5637931034489784,0.003570561343482371,7713.931376279999,0.009854953575781021,67882.16439164814,-0.00891425635287657,-0.00999436554349753,,,0.02,261.38,0.01,2790.55,,,,,,,0.03,382.91,0.04,488.1,0.05,348.88,0.06,485.59,0.07,345.95,0.97,382.91,0.96,488.1,0.95,348.88,0.94,485.59,0.93,345.95,0.98,261.38,0.99,2790.55,,,,,,,3051.9300000000003,2051.43,5103.360000000001,2051.43,3051.9300000000003,5103.360000000001,0.009999999999999998,0.010000000000000009,0.1960473100075245,-0.1960473100075245,0.02405686880131618,0.9759431311986838,,0.42458675168053506,0.42458675168053506,,,,,
btc-updown-15m-1772966700,1772967566209,2026-03-08 06:59:26.209,0:34,34,,67875.39,,0.0014732882519053756,-1.1475596753118515,172.4034906,180097.16341049998,1.9549999999944703,0.5641379310350046,0.003581337758037697,7719.42922347,0.022333709605864102,67882.15904444832,-0.008889782725163276,-0.009971757739590803,,,0.02,261.38,0.01,2790.55,,,,,,,0.03,382.91,0.04,488.1,0.05,348.88,0.06,485.59,0.07,345.95,0.97,382.91,0.96,488.1,0.95,348.88,0.94,485.59,0.93,345.95,0.98,261.38,0.99,2790.55,,,,,,,3051.9300000000003,2051.43,5103.360000000001,2051.43,3051.9300000000003,5103.360000000001,0.009999999999999998,0.010000000000000009,0.1960473100075245,-0.1960473100075245,0.02405686880131618,0.9759431311986838,,0.42458675168053506,0.42458675168053506,,,,,
btc-updown-15m-1772966700,1772967567157,2026-03-08 06:59:27.157,0:33,33,,67875.39,,,-1.1475596753118515,464.9464215,178949.884367,1.5639999999955763,0.4596551724143551,0.0036014471295087455,7734.92743752,0.06010999136781466,67882.14548154153,-0.008866893614156712,-0.0099517796522397,,,0.02,261.38,0.01,2790.55,,,,,,,0.03,382.91,0.04,488.1,0.05,348.88,0.06,485.59,0.07,345.95,0.97,382.91,0.96,488.1,0.95,348.88,0.94,485.59,0.93,345.95,0.98,261.38,0.99,2790.55,,,,,,,3051.9300000000003,2051.43,5103.360000000001,2051.43,3051.9300000000003,5103.360000000001,0.009999999999999998,0.010000000000000009,0.1960473100075245,-0.1960473100075245,0.02405686880131618,0.9759431311986838,,0.42458675168053506,0.42458675168053506,,,,,
btc-updown-15m-1772966700,1772967568185,2026-03-08 06:59:28.185,0:32,32,,67875.39,,,-1.146086725177807,134.3932659,41007.1742298,1.5639999999955763,0.45965517241385334,0.003602022894082016,7707.6343022833325,0.01743638328302459,67882.11511282471,-0.008836754317786966,-0.009907046669854758,,,0.02,261.38,0.01,2790.55,,,,,,,0.03,382.91,0.04,488.1,0.05,348.88,0.06,485.59,0.07,345.95,0.97,382.91,0.96,488.1,0.95,348.88,0.94,485.59,0.93,345.95,0.98,261.38,0.99,2790.55,,,,,,,3051.9300000000003,2051.43,5103.360000000001,2051.43,3051.9300000000003,5103.360000000001,0.009999999999999998,0.010000000000000009,0.1960473100075245,-0.1960473100075245,0.02405686880131618,0.9759431311986838,,0.42458675168053506,0.42458675168053506,,,,,
btc-updown-15m-1772966700,1772967569178,2026-03-08 06:59:29.178,0:31,31,,67875.39,,,,412.0035975,1259.7672111,0.007999999995809049,0.44466666666655025,0.003602022894082016,7472.29137632258,0.05513751763020299,67882.10315133998,2.7040614192230805e-08,-0.009889427446008181,,,0.02,261.38,0.01,2790.55,,,,,,,0.03,382.91,0.04,488.1,0.05,348.88,0.06,485.59,0.07,345.95,0.97,382.91,0.96,488.1,0.95,348.88,0.94,485.59,0.93,345.95,0.98,261.38,0.99,2790.55,,,,,,,3051.9300000000003,2051.43,5103.360000000001,2051.43,3051.9300000000003,5103.360000000001,0.009999999999999998,0.010000000000000009,0.1960473100075245,-0.1960473100075245,0.02405686880131618,0.9759431311986838,,0.42458675168053506,0.42458675168053506,,,,,
btc-updown-15m-1772966700,1772967570182,2026-03-08 06:59:30.182,0:30,30,,67875.39,,,0.0014732882519053756,21.0413709,1204.7881464,0.005999999996856786,0.4593103448268235,0.003601440434416839,7669.591270253333,0.0027434800836922545,67882.0582891227,8.744476032163107e-07,-0.00982334550654329,,,0.02,261.38,0.01,2790.55,,,,,,,0.03,382.91,0.04,488.1,0.05,348.88,0.06,485.59,0.07,345.95,0.97,382.91,0.96,488.1,0.95,348.88,0.94,485.59,0.93,345.95,0.98,261.38,0.99,2790.55,,,,,,,3051.9300000000003,2051.43,5103.360000000001,2051.43,3051.9300000000003,5103.360000000001,0.009999999999999998,0.010000000000000009,0.1960473100075245,-0.1960473100075245,0.02405686880131618,0.9759431311986838,,0.42458675168053506,0.42458675168053506,,,,,
btc-updown-15m-1772966700,1772967571181,2026-03-08 06:59:31.181,0:29,29,,67875.38,,-0.0014732880348475802,-0.0014732880348475802,923.7839379,1956.1685937,0.005999999996856786,0.45965517241284976,0.003600863766851599,7691.33226002,0.12010714225699018,67882.02390035386,-8.338923940254261e-06,-0.00978742231316776,,,0.02,261.38,0.01,2790.55,,,,,,,0.03,382.91,0.04,488.1,0.05,348.88,0.06,485.59,0.07,345.95,0.97,382.91,0.96,488.1,0.95,348.88,0.94,485.59,0.93,345.95,0.98,261.38,0.99,2790.55,,,,,,,3051.9300000000003,2051.43,5103.360000000001,2051.43,3051.9300000000003,5103.360000000001,0.009999999999999998,0.010000000000000009,0.1960473100075245,-0.1960473100075245,0.02405686880131618,0.9759431311986838,,0.42458675168053506,0.42458675168053506,,,,,
btc-updown-15m-1772966700,1772967572176,2026-03-08 06:59:32.176,0:28,28,,67875.39,,0.0014732882519053756,,261.9989754,1753.2211476,0.007499999996070983,0.459999999998876,0.003602022895618623,7687.66458224,0.034080437901162934,67882.00582075946,7.762853715398421e-06,-0.009746059621340564,,,0.02,261.38,0.01,2790.55,,,,,,,0.03,382.91,0.04,488.1,0.05,348.88,0.06,485.59,0.07,345.95,0.97,382.91,0.96,488.1,0.95,348.88,0.94,485.59,0.93,345.95,0.98,261.38,0.99,2790.55,,,,,,,3051.9300000000003,2051.43,5103.360000000001,2051.43,3051.9300000000003,5103.360000000001,0.009999999999999998,0.010000000000000009,0.1960473100075245,-0.1960473100075245,0.02405686880131618,0.9759431311986838,,0.42458675168053506,0.42458675168053506,,,,,
btc-updown-15m-1772966700,1772967573157,2026-03-08 06:59:33.157,0:27,27,,67875.39,,,,2000.2877433,3619.115625,0.005999999996856786,0.44466666666558013,9.821920954333729e-06,7504.200813241935,0.26655573232665714,67881.94893414824,3.625940192542032e-06,-0.009662265523058267,,,0.02,261.38,0.01,2790.55,,,,,,,0.03,382.91,0.04,488.1,0.05,348.88,0.06,485.59,0.07,345.95,0.97,382.91,0.96,488.1,0.95,348.88,0.94,485.59,0.93,345.95,0.98,261.38,0.99,2790.55,,,,,,,3051.9300000000003,2051.43,5103.360000000001,2051.43,3051.9300000000003,5103.360000000001,0.009999999999999998,0.010000000000000009,0.1960473100075245,-0.1960473100075245,0.02405686880131618,0.9759431311986838,,0.42458675168053506,0.42458675168053506,,,,,
btc-updown-15m-1772966700,1772967574183,2026-03-08 06:59:34.183,0:26,26,,67875.39,,,,1240.0833515,4447.195379,0.007499999996070983,0.4446666666650951,8.347027767483359e-06,7541.006169819355,0.16444534370798775,67881.91133800145,3.0603554357355733e-06,-0.00960688624245254,,,0.02,261.38,0.01,2790.55,,,,,,,0.03,382.91,0.04,488.1,0.05,348.88,0.06,485.59,0.07,345.95,0.97,382.91,0.96,488.1,0.95,348.88,0.94,485.59,0.93,345.95,0.98,261.38,0.99,2790.55,,,,,,,3051.9300000000003,2051.43,5103.360000000001,2051.43,3051.9300000000003,5103.360000000001,0.009999999999999998,0.010000000000000009,0.1960473100075245,-0.1960473100075245,0.02405686880131618,0.9759431311986838,,0.42458675168053506,0.42458675168053506,,,,,
btc-updown-15m-1772966700,1772967575180,2026-03-08 06:59:35.180,0:25,25,,67875.38,,-0.0014732880348475802,-0.0014732880348475802,67.1966276,4493.3506357,0.007999999995809049,0.44466666666461,8.347027768221155e-06,7536.384945967741,0.008916294494212747,67881.90346124762,-1.1498780061458547e-05,-0.009610015210226308,,,0.02,261.38,0.01,2790.55,,,,,,,0.03,382.91,0.04,488.1,0.05,348.88,0.06,485.59,0.07,345.95,0.97,382.91,0.96,488.1,0.95,348.88,0.94,485.59,0.93,345.95,0.98,261.38,0.99,2790.55,,,,,,,3051.9300000000003,2051.43,5103.360000000001,2051.43,3051.9300000000003,5103.360000000001,0.009999999999999998,0.010000000000000009,0.1960473100075245,-0.1960473100075245,0.02405686880131618,0.9759431311986838,,0.42458675168053506,0.42458675168053506,,,,,
btc-updown-15m-1772966700,1772967576167,2026-03-08 06:59:36.167,0:24,24,,67875.39,,0.0014732882519053756,0.0014732882519053756,228.7400615,3798.3067593,0.007999999995809049,0.46034482758389866,9.821920954333729e-06,7565.849598523333,0.03023322873674946,67881.69478858747,3.091850531156126e-06,-0.009287906860755424,,,0.02,261.38,0.01,2790.55,,,,,,,0.03,382.91,0.04,488.1,0.05,348.88,0.06,485.59,0.07,345.95,0.97,382.91,0.96,488.1,0.95,348.88,0.94,485.59,0.93,345.95,0.98,261.38,0.99,2790.55,,,,,,,3051.9300000000003,2051.43,5103.360000000001,2051.43,3051.9300000000003,5103.360000000001,0.009999999999999998,0.010000000000000009,0.1960473100075245,-0.1960473100075245,0.02405686880131618,0.9759431311986838,,0.42458675168053506,0.42458675168053506,,,,,
btc-updown-15m-1772966700,1772967577156,2026-03-08 06:59:37.156,0:23,23,,67875.39,,,,312.9055479,3849.2133318,0.005999999996856786,0.4449999999977687,9.821920954333729e-06,7331.883661406451,0.04267737492168232,67881.68610885114,2.408048649371608e-07,-0.009275121482754667,,,0.02,261.38,0.01,2790.55,,,,,,,0.03,382.91,0.04,488.1,0.05,348.88,0.06,485.59,0.07,345.95,0.97,382.91,0.96,488.1,0.95,348.88,0.94,485.59,0.93,345.95,0.98,261.38,0.99,2790.55,,,,,,,3051.9300000000003,2051.43,5103.360000000001,2051.43,3051.9300000000003,5103.360000000001,0.009999999999999998,0.010000000000000009,0.1960473100075245,-0.1960473100075245,0.02405686880131618,0.9759431311986838,,0.42458675168053506,0.42458675168053506,,,,,
btc-updown-15m-1772966700,1772967578163,2026-03-08 06:59:38.163,0:22,22,,67875.38,,-0.0014732880348475802,-0.0014732880348475802,1597.7865606,3446.7121491,0.007499999996070983,0.4603448275833969,1.0858542175540518e-05,7620.215973186667,0.20967733279767242,67881.63361144884,-7.6159541007037035e-06,-0.009212523500290448,,,0.02,261.38,0.01,2790.55,,,,,,,0.03,382.91,0.04,488.1,0.05,348.88,0.06,485.59,0.07,345.95,0.97,382.91,0.96,488.1,0.95,348.88,0.94,485.59,0.93,345.95,0.98,261.38,0.99,2790.55,,,,,,,3051.9300000000003,2051.43,5103.360000000001,2051.43,3051.9300000000003,5103.360000000001,0.009999999999999998,0.010000000000000009,0.1960473100075245,-0.1960473100075245,0.02405686880131618,0.9759431311986838,,0.42458675168053506,0.42458675168053506,,,,,
btc-updown-15m-1772966700,1772967579164,2026-03-08 06:59:39.164,0:21,21,,67875.38,,,-0.0014732880348475802,50.9065389,2257.5353365,0.007999999995809049,0.4606896551694231,1.0858542175540518e-05,7612.974196099999,0.006686813535513963,67881.62407329908,-7.505106702776487e-06,-0.009198473643379224,,,0.02,261.38,0.01,2790.55,,,,,,,0.03,382.91,0.04,488.1,0.05,348.88,0.06,485.59,0.07,345.95,0.97,382.91,0.96,488.1,0.95,348.88,0.94,485.59,0.93,345.95,0.98,261.38,0.99,2790.55,,,,,,,3051.9300000000003,2051.43,5103.360000000001,2051.43,3051.9300000000003,5103.360000000001,0.009999999999999998,0.010000000000000009,0.1960473100075245,-0.1960473100075245,0.02405686880131618,0.9759431311986838,,0.42458675168053506,0.42458675168053506,,,,,
btc-updown-15m-1772966700,1772967580179,2026-03-08 06:59:40.179,0:20,20,,67876.78,,0.20626035537394843,0.20626035537394843,2885.3931127,5075.7318216,0.28599999999569264,0.344827586203384,0.000648281483717709,7709.153966523333,0.3742814224790028,67881.56363841092,0.0009038365182956198,-0.007047036271001783,,,0.02,261.38,0.01,2790.55,,,,,,,0.03,382.91,0.04,488.1,0.05,348.88,0.06,485.59,0.07,345.95,0.97,382.91,0.96,488.1,0.95,348.88,0.94,485.59,0.93,345.95,0.98,261.38,0.99,2790.55,,,,,,,3051.9300000000003,2051.43,5103.360000000001,2051.43,3051.9300000000003,5103.360000000001,0.009999999999999998,0.010000000000000009,0.1960473100075245,-0.1960473100075245,0.02405686880131618,0.9759431311986838,,0.42458675168053506,0.42458675168053506,,,,,
btc-updown-15m-1772966700,1772967581168,2026-03-08 06:59:41.168,0:19,19,,67876.78,,,0.20478703695100947,0.0,4846.9917601,0.35499999999592546,0.33333333332993786,0.0006488392716483252,7460.471580506452,0.0,67881.56363841092,0.0008337832783977817,-0.007047036271001783,,,0.02,261.38,0.01,2790.55,,,,,,,0.03,382.91,0.04,488.1,0.05,348.88,0.06,485.59,0.07,345.95,0.97,382.91,0.96,488.1,0.95,348.88,0.94,485.59,0.93,345.95,0.98,261.38,0.99,2790.55,,,,,,,3051.9300000000003,2051.43,5103.360000000001,2051.43,3051.9300000000003,5103.360000000001,0.009999999999999998,0.010000000000000009,0.1960473100075245,-0.1960473100075245,0.02405686880131618,0.9759431311986838,,0.42458675168053506,0.42458675168053506,,,,,
btc-updown-15m-1772966700,1772967582193,2026-03-08 06:59:42.193,0:18,18,,67876.78,,,0.20478703695100947,2009.1529826,6543.2391948,0.35499999999592546,0.344827586203384,0.0006488392716483252,6873.910516699999,0.2922867526015667,67881.22219225547,0.0005197040300775058,-0.006544066403069149,,,0.02,261.38,0.01,2790.55,,,,,,,0.03,382.91,0.04,488.1,0.05,348.88,0.06,485.59,0.07,345.95,0.97,382.91,0.96,488.1,0.95,348.88,0.94,485.59,0.93,345.95,0.98,261.38,0.99,2790.55,,,,,,,3051.9300000000003,2051.43,5103.360000000001,2051.43,3051.9300000000003,5103.360000000001,0.009999999999999998,0.010000000000000009,0.1960473100075245,-0.1960473100075245,0.02405686880131618,0.9759431311986838,,0.42458675168053506,0.42458675168053506,,,,,
btc-updown-15m-1772966700,1772967583167,2026-03-08 06:59:43.167,0:17,17,,67876.79,,0.001473257864436308,0.20773364362585378,60.4103431,5005.8629773,0.35499999999592546,0.3336666666630966,0.0006482814948861058,6654.120188519355,0.009078637203492147,67881.2208942469,3.5529767794528766e-05,-0.006527422737145905,,,0.02,261.38,0.01,2790.55,,,,,,,0.03,382.91,0.04,488.1,0.05,348.88,0.06,485.59,0.07,345.95,0.97,382.91,0.96,488.1,0.95,348.88,0.94,485.59,0.93,345.95,0.98,261.38,0.99,2790.55,,,,,,,3051.9300000000003,2051.43,5103.360000000001,2051.43,3051.9300000000003,5103.360000000001,0.009999999999999998,0.010000000000000009,0.1960473100075245,-0.1960473100075245,0.02405686880131618,0.9759431311986838,,0.42458675168053506,0.42458675168053506,,,,,
btc-updown-15m-1772966700,1772967584173,2026-03-08 06:59:44.173,0:16,16,,67876.79,,,0.20773364362585378,380.110024,5335.0664624,0.004999999997380655,0.33333333332993786,0.0006476818539242625,6656.9875588129025,0.057099404293881925,67881.20907920258,1.3516098618104877e-05,-0.006510018402050566,,,0.02,261.38,0.01,2790.55,,,,,,,0.03,382.91,0.04,488.1,0.05,348.88,0.06,485.59,0.07,345.95,0.97,382.91,0.96,488.1,0.95,348.88,0.94,485.59,0.93,345.95,0.98,261.38,0.99,2790.55,,,,,,,3051.9300000000003,2051.43,5103.360000000001,2051.43,3051.9300000000003,5103.360000000001,0.009999999999999998,0.010000000000000009,0.1960473100075245,-0.1960473100075245,0.02405686880131618,0.9759431311986838,,0.42458675168053506,0.42458675168053506,,,,,
btc-updown-15m-1772966700,1772967585175,2026-03-08 06:59:45.175,0:15,15,,67876.79,,,0.001473257864436308,2660.770168,5110.4435177000005,0.003999999997904524,0.3444827586173578,0.0006482442915644225,6816.696402083334,0.39033132929123987,67881.09401270008,9.01835348621205e-06,-0.006340517581049365,,,0.02,261.38,0.01,2790.55,,,,,,,0.03,382.91,0.04,488.1,0.05,348.88,0.06,485.59,0.07,345.95,0.97,382.91,0.96,488.1,0.95,348.88,0.94,485.59,0.93,345.95,0.98,261.38,0.99,2790.55,,,,,,,3051.9300000000003,2051.43,5103.360000000001,2051.43,3051.9300000000003,5103.360000000001,0.009999999999999998,0.010000000000000009,0.1960473100075245,-0.1960473100075245,0.02405686880131618,0.9759431311986838,,0.42458675168053506,0.42458675168053506,,,,,
btc-updown-15m-1772966700,1772967586204,2026-03-08 06:59:46.204,0:14,14,,67876.79,,,0.001473257864436308,316.3058414,5426.7493591,0.0024999999986903276,0.3382758620658745,0.0006482442915644225,6798.502454256666,0.04652581116624517,67881.07585721673,5.454462659315595e-06,-0.006313773260968603,,,0.02,261.38,0.01,2790.55,,,,,,,0.03,382.91,0.04,488.1,0.05,348.88,0.06,485.59,0.07,345.95,0.97,382.91,0.96,488.1,0.95,348.88,0.94,485.59,0.93,345.95,0.98,261.38,0.99,2790.55,,,,,,,3051.9300000000003,2051.43,5103.360000000001,2051.43,3051.9300000000003,5103.360000000001,0.009999999999999998,0.010000000000000009,0.1960473100075245,-0.1960473100075245,0.02405686880131618,0.9759431311986838,,0.42458675168053506,0.42458675168053506,,,,,
btc-updown-15m-1772966700,1772967587185,2026-03-08 06:59:47.185,0:13,13,,67879.45,,0.39188653441087784,0.39335985001030593,29471.4431223,32889.0394988,0.5360000000015134,0.4148275862038457,0.0013172597922345255,7758.18808326,3.798753369474392,67880.86251097311,0.0006102205841962416,-0.002080867745135606,,,0.02,261.38,0.01,2790.55,,,,,,,0.03,382.91,0.04,488.1,0.05,348.88,0.06,485.59,0.07,345.95,0.97,382.91,0.96,488.1,0.95,348.88,0.94,485.59,0.93,345.95,0.98,261.38,0.99,2790.55,,,,,,,3051.9300000000003,2051.43,5103.360000000001,2051.43,3051.9300000000003,5103.360000000001,0.009999999999999998,0.010000000000000009,0.1960473100075245,-0.1960473100075245,0.02405686880131618,0.9759431311986838,,0.42458675168053506,0.42458675168053506,,,,,
btc-updown-15m-1772966700,1772967588166,2026-03-08 06:59:48.166,0:12,12,,67879.46,,0.0014731999168103491,0.39335979206040916,209.0687368,33037.6978925,0.5360000000044238,0.41482758620434745,0.0013164397801007583,7530.64188835,0.02776240590107359,67880.78904308798,0.00041927328608970527,-0.001957907541594306,,,0.02,261.38,0.01,2790.55,,,,,,,0.03,382.91,0.04,488.1,0.05,348.88,0.06,485.59,0.07,345.95,0.97,382.91,0.96,488.1,0.95,348.88,0.94,485.59,0.93,345.95,0.98,261.38,0.99,2790.55,,,,,,,3051.9300000000003,2051.43,5103.360000000001,2051.43,3051.9300000000003,5103.360000000001,0.009999999999999998,0.010000000000000009,0.1960473100075245,-0.1960473100075245,0.02405686880131618,0.9759431311986838,,0.42458675168053506,0.42458675168053506,,,,,
btc-updown-15m-1772966700,1772967589185,2026-03-08 06:59:49.185,0:11,11,,67879.8,,0.05008878974530845,0.44345055209730944,2398.1917656,35055.7796341,0.7575000000033469,0.4126666666639115,0.0012206008575617175,7365.078981164516,0.3256165713542442,67880.7786544164,0.0008130531505834426,-0.0014417253835219412,,,0.02,261.38,0.01,2790.55,,,,,,,0.03,382.91,0.04,488.1,0.05,348.88,0.06,485.59,0.07,345.95,0.97,382.91,0.96,488.1,0.95,348.88,0.94,485.59,0.93,345.95,0.98,261.38,0.99,2790.55,,,,,,,3051.9300000000003,2051.43,5103.360000000001,2051.43,3051.9300000000003,5103.360000000001,0.009999999999999998,0.010000000000000009,0.1960473100075245,-0.1960473100075245,0.02405686880131618,0.9759431311986838,,0.42458675168053506,0.42458675168053506,,,,,
btc-updown-15m-1772966700,1772967590182,2026-03-08 06:59:50.182,0:10,10,,67879.81,,0.001473192318592764,0.44492380974469703,1569.3812072,33964.3906733,0.7600000000020373,0.42689655172128776,0.0012199465187977094,7661.966584046666,0.20482746694140916,67880.77175129653,0.0005058423949488855,-0.001416824340272349,,,0.02,261.38,0.01,2790.55,,,,,,,0.03,382.91,0.04,488.1,0.05,348.88,0.06,485.59,0.07,345.95,0.97,382.91,0.96,488.1,0.95,348.88,0.94,485.59,0.93,345.95,0.98,261.38,0.99,2790.55,,,,,,,3051.9300000000003,2051.43,5103.360000000001,2051.43,3051.9300000000003,5103.360000000001,0.009999999999999998,0.010000000000000009,0.1960473100075245,-0.1960473100075245,0.02405686880131618,0.9759431311986838,,0.42458675168053506,0.42458675168053506,,,,,
btc-updown-15m-1772966700,1772967591168,2026-03-08 06:59:51.168,0:09,9,,67879.8,,-0.0014731921015632352,0.44345055209730944,15604.8875183,49252.9723502,0.6100000000005821,0.4129999999970702,0.0012206206135667082,7918.189839990322,1.970764509773243,67880.70997410403,0.0003365035822655571,-0.0013405488899165263,,,0.02,261.38,0.01,2790.55,,,,,,,0.03,382.91,0.04,488.1,0.05,348.88,0.06,485.59,0.07,345.95,0.97,382.91,0.96,488.1,0.95,348.88,0.94,485.59,0.93,345.95,0.98,261.38,0.99,2790.55,,,,,,,3051.9300000000003,2051.43,5103.360000000001,2051.43,3051.9300000000003,5103.360000000001,0.009999999999999998,0.010000000000000009,0.1960473100075245,-0.1960473100075245,0.02405686880131618,0.9759431311986838,,0.42458675168053506,0.42458675168053506,,,,,
btc-updown-15m-1772966700,1772967592156,2026-03-08 06:59:52.156,0:08,8,,67910.95,,4.5889940748196345,4.640579733630724,233249.1285869,253030.6578148,6.305999999996857,1.4509999999970509,0.014295506254882243,15439.596155477419,15.10720398630061,67895.44637914361,0.008051738199799097,0.02283455177509719,,,0.02,261.38,0.01,2790.55,,,,,,,0.03,382.91,0.04,488.1,0.05,348.88,0.06,485.59,0.07,345.95,0.97,382.91,0.96,488.1,0.95,348.88,0.94,485.59,0.93,345.95,0.98,261.38,0.99,2790.55,,,,,,,3051.9300000000003,2051.43,5103.360000000001,2051.43,3051.9300000000003,5103.360000000001,0.009999999999999998,0.010000000000000009,0.1960473100075245,-0.1960473100075245,0.02405686880131618,0.9759431311986838,,0.42458675168053506,0.42458675168053506,,,,,
btc-updown-15m-1772966700,1772967593163,2026-03-08 06:59:53.163,0:07,7,,67910.94,,-0.0014725165816059575,4.637632650583243,3288.247894,256109.83697200002,6.305999999993946,1.4509999999970509,0.014296146817160791,15493.66139512258,0.21223181597573468,67895.59362569603,0.003525859540220999,0.022602901726709312,,,0.02,261.38,0.01,2790.55,,,,,,,0.03,382.91,0.04,488.1,0.05,348.88,0.06,485.59,0.07,345.95,0.97,382.91,0.96,488.1,0.95,348.88,0.94,485.59,0.93,345.95,0.98,261.38,0.99,2790.55,,,,,,,3051.9300000000003,2051.43,5103.360000000001,2051.43,3051.9300000000003,5103.360000000001,0.009999999999999998,0.010000000000000009,0.1960473100075245,-0.1960473100075245,0.02405686880131618,0.9759431311986838,,0.42458675168053506,0.42458675168053506,,,,,
btc-updown-15m-1772966700,1772967594186,2026-03-08 06:59:54.186,0:06,6,,67910.94,,,4.587520882501041,33.2763647,253744.9215711,7.794999999994616,1.1916666666637563,0.014296146817160791,11040.634716464516,0.0030139901875728316,67900.60715501511,0.003090025889362913,0.015217603226003185,,,0.02,261.38,0.01,2790.55,,,,,,,0.03,382.91,0.04,488.1,0.05,348.88,0.06,485.59,0.07,345.95,0.97,382.91,0.96,488.1,0.95,348.88,0.94,485.59,0.93,345.95,0.98,261.38,0.99,2790.55,,,,,,,3051.9300000000003,2051.43,5103.360000000001,2051.43,3051.9300000000003,5103.360000000001,0.009999999999999998,0.010000000000000009,0.1960473100075245,-0.1960473100075245,0.02405686880131618,0.9759431311986838,,0.42458675168053506,0.42458675168053506,,,,,
btc-updown-15m-1772966700,1772967595163,2026-03-08 06:59:55.163,0:05,5,,67910.94,,,4.586047014569525,0.0,252175.5403639,6.235999999995693,1.1913333333305975,0.014296146817160791,9745.16985787742,0.0,67903.95937346098,0.003090025889362913,0.010280146553198755,,,0.02,261.38,0.01,2790.55,,,,,,,0.03,382.91,0.04,488.1,0.05,348.88,0.06,485.59,0.07,345.95,0.97,382.91,0.96,488.1,0.95,348.88,0.94,485.59,0.93,345.95,0.98,261.38,0.99,2790.55,,,,,,,3051.9300000000003,2051.43,5103.360000000001,2051.43,3051.9300000000003,5103.360000000001,0.009999999999999998,0.010000000000000009,0.1960473100075245,-0.1960473100075245,0.02405686880131618,0.9759431311986838,,0.42458675168053506,0.42458675168053506,,,,,
btc-updown-15m-1772966700,1772967596161,2026-03-08 06:59:56.161,0:04,4,,67910.94,,,4.587520882501041,2037.3282,238607.98104560003,6.23399999999674,1.1909999999974388,0.01439968232239115,9808.43785027742,0.20771179173474363,67904.01329163136,0.002801331553392572,0.01020073487982831,,,0.02,261.38,0.01,2790.55,,,,,,,0.03,382.91,0.04,488.1,0.05,348.88,0.06,485.59,0.07,345.95,0.97,382.91,0.96,488.1,0.95,348.88,0.94,485.59,0.93,345.95,0.98,261.38,0.99,2790.55,,,,,,,3051.9300000000003,2051.43,5103.360000000001,2051.43,3051.9300000000003,5103.360000000001,0.009999999999999998,0.010000000000000009,0.1960473100075245,-0.1960473100075245,0.02405686880131618,0.9759431311986838,,0.42458675168053506,0.42458675168053506,,,,,
btc-updown-15m-1772966700,1772967597162,2026-03-08 06:59:57.162,0:03,3,,67910.94,,,-0.0014725165816059575,40.0674562,5398.9199149,0.004999999997380655,1.232068965514592,0.014400267190914896,10115.476363423333,0.00396100537043222,67904.07432216624,0.0,0.010110848137312445,,,0.02,261.38,0.01,2790.55,,,,,,,0.03,382.91,0.04,488.1,0.05,348.88,0.06,485.59,0.07,345.95,0.97,382.91,0.96,488.1,0.95,348.88,0.94,485.59,0.93,345.95,0.98,261.38,0.99,2790.55,,,,,,,3051.9300000000003,2051.43,5103.360000000001,2051.43,3051.9300000000003,5103.360000000001,0.009999999999999998,0.010000000000000009,0.1960473100075245,-0.1960473100075245,0.02405686880131618,0.9759431311986838,,0.42458675168053506,0.42458675168053506,,,,,
btc-updown-15m-1772966700,1772967598181,2026-03-08 06:59:58.181,0:02,2,,67910.95,,0.001472516798436498,0.001472516798436498,20.373285,2131.0453059,0.004999999997380655,1.1913333333305975,0.014418512292107487,9789.82787702258,0.002081066721082762,67904.07478373863,1.4584391982985778e-05,0.010124894983487565,,,0.02,261.38,0.01,2790.55,,,,,,,0.03,382.91,0.04,488.1,0.05,348.88,0.06,485.59,0.07,345.95,0.97,382.91,0.96,488.1,0.95,348.88,0.94,485.59,0.93,345.95,0.98,261.38,0.99,2790.55,,,,,,,3051.9300000000003,2051.43,5103.360000000001,2051.43,3051.9300000000003,5103.360000000001,0.009999999999999998,0.010000000000000009,0.1960473100075245,-0.1960473100075245,0.02405686880131618,0.9759431311986838,,0.42458675168053506,0.42458675168053506,,,,,
btc-updown-15m-1772966700,1772967599176,2026-03-08 06:59:59.176,0:01,1,,67910.95,,,0.001472516798436498,3214.904373,5312.673314199999,0.003999999997904524,1.1909999999974388,0.014419090075808777,9889.199203058066,0.32509248797474377,67904.15945808093,5.813746706273548e-06,0.010000185516267912,,,0.02,261.38,0.01,2790.55,,,,,,,0.03,382.91,0.04,488.1,0.05,348.88,0.06,485.59,0.07,345.95,0.97,382.91,0.96,488.1,0.95,348.88,0.94,485.59,0.93,345.95,0.98,261.38,0.99,2790.55,,,,,,,3051.9300000000003,2051.43,5103.360000000001,2051.43,3051.9300000000003,5103.360000000001,0.009999999999999998,0.010000000000000009,0.1960473100075245,-0.1960473100075245,0.02405686880131618,0.9759431311986838,,0.42458675168053506,0.42458675168053506,,,,,
